2016	BRAND	BRAND
ASUS	BRAND	BRAND
15.6	BRAND	SCREENSIZE
High	BRAND	OTHER
Performance	BRAND	OTHER
Premium	BRAND	DISPLAY
HD	BRAND	DISPLAY
Laptop	BRAND	DISPLAY
-LRB-	BRAND	OTHER
Intel	BRAND	OTHER
Quad	BRAND	OTHER
Core	BRAND	OTHER
Pentium	BRAND	OTHER
N3700	BRAND	OTHER
Processor	BRAND	OTHER
up	HARDDISK	OTHER
to	HARDDISK	OTHER
2.4	HARDDISK	OTHER
GHz	HARDDISK	OTHER
,	HARDDISK	RAM
4GB	HARDDISK	RAM
RAM	HARDDISK	RAM
,	HARDDISK	RAM
500GB	HARDDISK	HARDDISK
HDD	HARDDISK	HARDDISK
,	HARDDISK	HARDDISK
SuperMulti	HARDDISK	OTHER
DVD	HARDDISK	OTHER
,	HARDDISK	OTHER
Wifi	HARDDISK	OTHER
,	HARDDISK	OTHER
HDMI	HARDDISK	OTHER
,	HARDDISK	OTHER
VGA	HARDDISK	OTHER
,	OS	OTHER
Webcam	OS	OTHER
,	OS	OTHER
Windows	OS	OS
10-silver	OS	OS
-RRB-	BRAND	OTHER
2016	BRAND	BRAND
Dell	BRAND	BRAND
Inspiron	BRAND	BRAND
15	SCREENSIZE	BRAND
5000	SCREENSIZE	BRAND
15.6	SCREENSIZE	SCREENSIZE
''	HARDDISK	SCREENSIZE
FHD	HARDDISK	DISPLAY
Touchscreen	BRAND	DISPLAY
Laptop	BRAND	DISPLAY
,	BRAND	DISPLAY
Intel	BRAND	OTHER
Core	HARDDISK	OTHER
i5-6200U	HARDDISK	OTHER
,	HARDDISK	RAM
8	HARDDISK	RAM
GB	HARDDISK	RAM
RAM	HARDDISK	RAM
,	HARDDISK	RAM
1	HARDDISK	HARDDISK
TB	HARDDISK	HARDDISK
HDD	HARDDISK	HARDDISK
,	HARDDISK	HARDDISK
DVD	HARDDISK	OTHER
,	HARDDISK	OTHER
Backlit	HARDDISK	OTHER
keyboard	HARDDISK	OTHER
,	HARDDISK	OTHER
HDMI	HARDDISK	OTHER
,	HARDDISK	OTHER
Bluetooth	HARDDISK	OTHER
,	HARDDISK	OTHER
802.11	HARDDISK	OTHER
ac	HARDDISK	OTHER
,	HARDDISK	OTHER
RealSense	OS	OTHER
3D	OS	OTHER
Webcam	OS	OTHER
,	OS	OTHER
Windows	OS	OS
10-MaxxAudio	OS	OS
Pro	BRAND	BRAND
2016	BRAND	BRAND
Lenovo	BRAND	BRAND
Premium	BRAND	BRAND
Built	BRAND	OTHER
High	BRAND	OTHER
Performance	BRAND	OTHER
15.6	SCREENSIZE	SCREENSIZE
inch	DISPLAY	SCREENSIZE
HD	DISPLAY	DISPLAY
Laptop	HARDDISK	DISPLAY
-LRB-	HARDDISK	OTHER
AMD	HARDDISK	OTHER
FX7500	HARDDISK	OTHER
Processor	HARDDISK	OTHER
,	HARDDISK	RAM
8GB	HARDDISK	RAM
RAM	HARDDISK	RAM
1T	HARDDISK	HARDDISK
HDD	HARDDISK	HARDDISK
,	HARDDISK	HARDDISK
DVD	HARDDISK	OTHER
RW	HARDDISK	OTHER
,	HARDDISK	OTHER
Bluetooth	HARDDISK	OTHER
,	HARDDISK	OTHER
Webcam	HARDDISK	OTHER
,	HARDDISK	OTHER
WiFi	OS	OTHER
,	OS	OTHER
HDMI	OS	OTHER
,	OS	OTHER
Windows	OS	OS
10	OS	OS
-RRB-	OS	OTHER
-	OS	OTHER
Black	OS	COLOR
2016	OS	BRAND
Lenovo	BRAND	BRAND
ThinkPad	BRAND	BRAND
Edge	BRAND	BRAND
E560	SCREENSIZE	BRAND
15.6	SCREENSIZE	SCREENSIZE
''	BRAND	SCREENSIZE
Business	BRAND	OTHER
Laptop	BRAND	OTHER
:	BRAND	OTHER
Intel	BRAND	OTHER
6th	HARDDISK	OTHER
Gen	HARDDISK	OTHER
Core	HARDDISK	OTHER
i5-6200U	HARDDISK	OTHER
|	HARDDISK	RAM
8GB	HARDDISK	RAM
RAM	HARDDISK	RAM
|	HARDDISK	HARDDISK
500GB	HARDDISK	HARDDISK
7200RPM	HARDDISK	HARDDISK
|	HARDDISK	HARDDISK
FingerPrint	HARDDISK	OTHER
Reader	HARDDISK	OTHER
|	HARDDISK	OTHER
DVD	HARDDISK	OTHER
RW	HARDDISK	OTHER
|	OS	OTHER
802.11	OS	OTHER
AC	OS	OTHER
|	OS	OS
Windows	OS	OS
7	OS	OS
Professional	OS	OS
2017	BRAND	BRAND
ASUS	BRAND	BRAND
Premium	BRAND	OTHER
High	BRAND	OTHER
Performance	BRAND	OTHER
14	SCREENSIZE	SCREENSIZE
''	DISPLAY	SCREENSIZE
Full	DISPLAY	DISPLAY
HD	DISPLAY	DISPLAY
1920x1080	BRAND	DISPLAY
Flagship	BRAND	OTHER
Laptop	BRAND	OTHER
Intel	BRAND	OTHER
Celeron	BRAND	OTHER
Dual	BRAND	OTHER
Core-Processor	HARDDISK	OTHER
4GB	HARDDISK	RAM
RAM	HARDDISK	RAM
32GB	HARDDISK	HARDDISK
HDD	HARDDISK	HARDDISK
HDMI	HARDDISK	OTHER
WIFI	OS	OTHER
WEBCAM	OS	OTHER
Windows	OS	OS
10	OS	OS
-	OS	OS
Blue	OS	COLOR
2017	BRAND	BRAND
Dell	BRAND	BRAND
Inspiron	BRAND	BRAND
14	SCREENSIZE	SCREENSIZE
''	BRAND	SCREENSIZE
Premium	BRAND	OTHER
High	BRAND	OTHER
Performance	BRAND	OTHER
Laptop	BRAND	OTHER
PC	BRAND	OTHER
Intel	BRAND	OTHER
Celeron	BRAND	OTHER
Processor	BRAND	OTHER
2GB	HARDDISK	RAM
Memory	HARDDISK	RAM
32GB	HARDDISK	HARDDISK
hard	HARDDISK	HARDDISK
drive	BRAND	HARDDISK
HDMI	BRAND	OTHER
Bluetooth	BRAND	OTHER
WIFI	BRAND	OTHER
Webcam	BRAND	OTHER
MaxxAudio	BRAND	OTHER
Window	BRAND	OS
10-Black	COLOR	COLOR
2017	BRAND	BRAND
Dell	BRAND	BRAND
Inspiron	BRAND	BRAND
17.3	DISPLAY	SCREENSIZE
Inch	DISPLAY	SCREENSIZE
Full	DISPLAY	DISPLAY
HD	DISPLAY	DISPLAY
-LRB-	DISPLAY	OTHER
1920	DISPLAY	OTHER
x	DISPLAY	OTHER
1080	BRAND	OTHER
-RRB-	BRAND	OTHER
Touchscreen	BRAND	OTHER
Signature	BRAND	OTHER
Edition	BRAND	OTHER
Laptop	BRAND	OTHER
,	BRAND	OTHER
Intel	BRAND	OTHER
Core	BRAND	OTHER
i7-6500U	HARDDISK	OTHER
2.5	HARDDISK	OTHER
GHz	HARDDISK	OTHER
,	HARDDISK	RAM
16GB	HARDDISK	RAM
DDR4	HARDDISK	RAM
,	HARDDISK	RAM
1TB	HARDDISK	HARDDISK
HDD	HARDDISK	HARDDISK
,	HARDDISK	HARDDISK
DVD	HARDDISK	OTHER
+	HARDDISK	OTHER
/	HARDDISK	OTHER
-	HARDDISK	OTHER
RW	HARDDISK	OTHER
,	HARDDISK	OTHER
802.11	HARDDISK	OTHER
AC	HARDDISK	OTHER
,	HARDDISK	OTHER
Bluetooth	HARDDISK	OTHER
,	OS	OTHER
HDMI	HARDDISK	OTHER
,	OS	OTHER
Win	OS	OS
10	OS	OS
-	OS	OS
Silver	OS	OS
2017	BRAND	BRAND
Dell	BRAND	BRAND
Inspiron	BRAND	BRAND
5000	BRAND	BRAND
Touchscreen	BRAND	BRAND
17.3	HARDDISK	SCREENSIZE
''	HARDDISK	SCREENSIZE
FHD	HARDDISK	DISPLAY
Laptop	HARDDISK	DISPLAY
6th	BRAND	OTHER
Intel	BRAND	OTHER
Core	BRAND	OTHER
i7-6500U	BRAND	OTHER
Processor	BRAND	OTHER
up	HARDDISK	OTHER
to	HARDDISK	OTHER
3.1	HARDDISK	OTHER
GHz	HARDDISK	OTHER
16GB	HARDDISK	RAM
RAM	HARDDISK	RAM
1TB	HARDDISK	HARDDISK
HDD	HARDDISK	HARDDISK
DVD	HARDDISK	OTHER
Backlit-keyboard	HARDDISK	OTHER
HDMI	HARDDISK	OTHER
Bluetooth	HARDDISK	OTHER
802.11	HARDDISK	OTHER
ac	OS	OTHER
RealSense	OS	OTHER
3D	OS	OTHER
Webcam	OS	OTHER
Windows	OS	OS
10	OS	OS
2017	OS	BRAND
HP	BRAND	BRAND
15.6	SCREENSIZE	SCREENSIZE
''	DISPLAY	SCREENSIZE
HD	DISPLAY	OTHER
WLED	BRAND	OTHER
Backlit	BRAND	OTHER
Display	BRAND	OTHER
Laptop	BRAND	OTHER
,	HARDDISK	OTHER
AMD	HARDDISK	OTHER
A6-7310	HARDDISK	OTHER
Quad-Core	HARDDISK	OTHER
APU	HARDDISK	OTHER
2GHz	HARDDISK	OTHER
,	HARDDISK	RAM
4GB	HARDDISK	RAM
RAM	HARDDISK	RAM
,	HARDDISK	RAM
500GB	HARDDISK	HARDDISK
HDD	HARDDISK	HARDDISK
WiFi	HARDDISK	OTHER
,	HARDDISK	OTHER
DVD	HARDDISK	OTHER
+	HARDDISK	OTHER
/	HARDDISK	OTHER
-	HARDDISK	OTHER
RW	OS	OTHER
,	OS	OTHER
Webcam	OS	OTHER
,	OS	OTHER
Windows	OS	OS
10	OS	OS
,	OS	OS
Black	COLOR	COLOR
2017	BRAND	BRAND
HP	BRAND	BRAND
Flagship	BRAND	BRAND
15.6	SCREENSIZE	SCREENSIZE
15-ay191ms	BRAND	OTHER
HD	BRAND	OTHER
Touchscreen	BRAND	OTHER
Signature	BRAND	OTHER
Edition	BRAND	OTHER
Laptop	BRAND	OTHER
-LRB-	BRAND	OTHER
Intel	BRAND	OTHER
Core	BRAND	OTHER
i3-7100u	HARDDISK	OTHER
2.40	HARDDISK	OTHER
GHz	HARDDISK	OTHER
,	HARDDISK	RAM
8	HARDDISK	RAM
GB	HARDDISK	RAM
DDR4	HARDDISK	RAM
Memory	HARDDISK	RAM
,	HARDDISK	RAM
1	HARDDISK	HARDDISK
TB	HARDDISK	HARDDISK
HDD	HARDDISK	HARDDISK
,	HARDDISK	HARDDISK
DVD	HARDDISK	OTHER
Burner	HARDDISK	OTHER
,	HARDDISK	OTHER
HDMI	DISPLAY	OTHER
,	DISPLAY	OTHER
HD	DISPLAY	OTHER
Webcam	OS	OTHER
,	OS	OTHER
Bluetooth	OS	OTHER
,	OS	OTHER
Win	OS	OS
10	OS	OS
-RRB-	OS	OTHER
2017	BRAND	BRAND
HP	BRAND	BRAND
Pavilion	BRAND	BRAND
15.6	SCREENSIZE	SCREENSIZE
''	DISPLAY	SCREENSIZE
HD	DISPLAY	OTHER
WLED-backlit	BRAND	OTHER
Touchscreen	BRAND	OTHER
Laptop	BRAND	OTHER
,	BRAND	OTHER
Intel	BRAND	OTHER
Core	BRAND	OTHER
i7-7500U	HARDDISK	OTHER
2.7	HARDDISK	OTHER
GHz	HARDDISK	OTHER
,	HARDDISK	RAM
16GB	HARDDISK	RAM
DDR4	HARDDISK	RAM
RAM	HARDDISK	RAM
1TB	HARDDISK	HARDDISK
HDD	HARDDISK	HARDDISK
,	HARDDISK	HARDDISK
NVIDIA	HARDDISK	OTHER
GeForce	HARDDISK	OTHER
940MX	HARDDISK	OTHER
DDR3	HARDDISK	OTHER
4GB	HARDDISK	OTHER
Backlit	HARDDISK	OTHER
Keyboard	HARDDISK	OTHER
DVD	HARDDISK	OTHER
+	HARDDISK	OTHER
/	HARDDISK	OTHER
-	HARDDISK	OTHER
RW	OS	OTHER
802.11	OS	OTHER
ac	OS	OTHER
Windows	OS	OS
10	OS	OS
2017	OS	BRAND
HP	BRAND	OTHER
x360	BRAND	OTHER
Flagship	BRAND	OTHER
High	BRAND	OTHER
Performance	BRAND	OTHER
2-in-1	BRAND	OTHER
Convertible	BRAND	OTHER
Laptop	BRAND	OTHER
PC	SCREENSIZE	OTHER
15.6	SCREENSIZE	SCREENSIZE
''	DISPLAY	SCREENSIZE
Full	DISPLAY	DISPLAY
HD	DISPLAY	DISPLAY
1920x1080	DISPLAY	OTHER
TouchScreen	DISPLAY	OTHER
Intel	DISPLAY	OTHER
i5-7200U	HARDDISK	OTHER
Processor	HARDDISK	OTHER
8GB	HARDDISK	RAM
Memory	HARDDISK	RAM
1TB	HARDDISK	HARDDISK
HDD	HARDDISK	HARDDISK
802.11	HARDDISK	OTHER
AC	OS	OTHER
Bluetooth	OS	OTHER
Windows	OS	OS
10	OS	OS
Silver	OS	OS
2017	OS	BRAND
Lenovo	BRAND	BRAND
110s	BRAND	OTHER
Premium	BRAND	OTHER
Built	BRAND	OTHER
High	BRAND	OTHER
Performance	BRAND	OTHER
11.6	SCREENSIZE	SCREENSIZE
inch	DISPLAY	SCREENSIZE
HD	DISPLAY	DISPLAY
Laptop	BRAND	OTHER
pc	BRAND	OTHER
Intel	BRAND	OTHER
Celeron	BRAND	OTHER
Dual-Core	HARDDISK	OTHER
Processor	HARDDISK	OTHER
2GB	HARDDISK	RAM
RAM	HARDDISK	RAM
32G	HARDDISK	HARDDISK
eMMC	HARDDISK	OTHER
Storage	HARDDISK	OTHER
Webcam	HARDDISK	OTHER
Bluetooth	HARDDISK	OTHER
WiFi	OS	OTHER
HDMI	OS	OTHER
1-Year	OS	OTHER
Office	OS	OTHER
Windows	OS	OS
10-White	OS	OS
2017	OS	BRAND
Lenovo	BRAND	BRAND
15.6	SCREENSIZE	SCREENSIZE
inch	BRAND	OTHER
Premium	BRAND	OTHER
HD	BRAND	OTHER
Laptop	BRAND	OTHER
,	BRAND	OTHER
Latest	BRAND	OTHER
Intel	BRAND	OTHER
Core	BRAND	OTHER
i7-7500U	HARDDISK	OTHER
2.7	HARDDISK	OTHER
GHz	HARDDISK	OTHER
,	HARDDISK	RAM
12	HARDDISK	RAM
GB	HARDDISK	RAM
DDR4	HARDDISK	RAM
RAM	HARDDISK	RAM
,	HARDDISK	RAM
1	HARDDISK	HARDDISK
TB	HARDDISK	HARDDISK
HDD	HARDDISK	HARDDISK
,	HARDDISK	HARDDISK
SuperMulti	HARDDISK	OTHER
DVD	HARDDISK	OTHER
,	HARDDISK	OTHER
VGA	HARDDISK	OTHER
,	HARDDISK	OTHER
HDMI	HARDDISK	OTHER
,	HARDDISK	OTHER
Bluetooth	HARDDISK	OTHER
,	DISPLAY	OTHER
802.11	DISPLAY	OTHER
ac	DISPLAY	OTHER
,	DISPLAY	OTHER
HD	DISPLAY	OTHER
Webcam	DISPLAY	OTHER
,	DISPLAY	OTHER
Windows10-Black	OS	COLOR
2017	DISPLAY	BRAND
Lenovo	BRAND	BRAND
17.3	SCREENSIZE	SCREENSIZE
''	DISPLAY	SCREENSIZE
HD	DISPLAY	DISPLAY
+	BRAND	OTHER
High	BRAND	OTHER
Performance	BRAND	OTHER
Premium	BRAND	OTHER
Laptop	BRAND	OTHER
,	BRAND	OTHER
Intel	BRAND	OTHER
Core	BRAND	OTHER
i5-6200U	BRAND	OTHER
Processor	BRAND	OTHER
,	HARDDISK	RAM
8GB	HARDDISK	RAM
RAM	HARDDISK	RAM
,	HARDDISK	RAM
1TB	HARDDISK	HARDDISK
HDD	HARDDISK	HARDDISK
,	HARDDISK	OTHER
Intel	HARDDISK	OTHER
HD	HARDDISK	OTHER
Graphics	HARDDISK	OTHER
520	HARDDISK	OTHER
,	HARDDISK	OTHER
DVD	HARDDISK	OTHER
,	HARDDISK	OTHER
HDMI	HARDDISK	OTHER
,	HARDDISK	OTHER
VGA	HARDDISK	OTHER
,	HARDDISK	OTHER
Bluetooth	HARDDISK	OTHER
,	HARDDISK	OTHER
802.11	HARDDISK	OTHER
ac	OS	OTHER
,	OS	OTHER
Webcam	OS	OTHER
,	OS	OTHER
Windows	OS	OS
10-Black	OS	COLOR
2017	BRAND	BRAND
Lenovo	BRAND	BRAND
Premium	BRAND	BRAND
Built	BRAND	OTHER
High	BRAND	OTHER
Performance	BRAND	OTHER
15.6	SCREENSIZE	SCREENSIZE
inch	DISPLAY	SCREENSIZE
HD	DISPLAY	DISPLAY
Laptop	BRAND	DISPLAY
-LRB-	BRAND	OTHER
Intel	BRAND	OTHER
Celeron	BRAND	OTHER
Processor	HARDDISK	OTHER
4GB	HARDDISK	RAM
RAM	HARDDISK	RAM
500GB	HARDDISK	HARDDISK
HDD	HARDDISK	HARDDISK
,	HARDDISK	HARDDISK
DVD	HARDDISK	OTHER
RW	HARDDISK	OTHER
,	HARDDISK	OTHER
Bluetooth	HARDDISK	OTHER
,	HARDDISK	OTHER
Webcam	HARDDISK	OTHER
,	HARDDISK	OTHER
WiFi	OS	OTHER
,	OS	OTHER
HDMI	OS	OTHER
,	OS	OTHER
Windows	OS	OS
10	OS	OS
-RRB-	OS	OTHER
-	OS	OTHER
Black	COLOR	COLOR
2017	BRAND	BRAND
Premium	BRAND	BRAND
Built	BRAND	OTHER
Lenovo	BRAND	OTHER
Yoga	BRAND	OTHER
710	BRAND	OTHER
High	BRAND	OTHER
Performance	BRAND	OTHER
14	SCREENSIZE	SCREENSIZE
''	DISPLAY	SCREENSIZE
Full	DISPLAY	DISPLAY
HD	DISPLAY	DISPLAY
1920x1080	DISPLAY	OTHER
2-in-1	BRAND	OTHER
Touchscreen	BRAND	OTHER
Laptop	BRAND	OTHER
PC	BRAND	OTHER
Intel	BRAND	OTHER
I5-7200U	HARDDISK	OTHER
Processor	HARDDISK	OTHER
8GB	HARDDISK	RAM
DDR4	HARDDISK	RAM
RAM	HARDDISK	RAM
256GB	HARDDISK	HARDDISK
SSD	HARDDISK	HARDDISK
802.11	HARDDISK	OTHER
AC	HARDDISK	OTHER
Wifi	HARDDISK	OTHER
HDMI	HARDDISK	OTHER
Bluetooth	HARDDISK	OTHER
Webcam-Silver	BRAND	OTHER
2017	BRAND	OTHER
Premium	BRAND	OTHER
Dell	BRAND	OTHER
Inspiron	BRAND	OTHER
15.6-inch	DISPLAY	SCREENSIZE
HD	DISPLAY	OTHER
+	BRAND	OTHER
Display	BRAND	OTHER
Flagship	BRAND	OTHER
Laptop	BRAND	OTHER
PC	HARDDISK	OTHER
AMD	HARDDISK	OTHER
A9-9400	HARDDISK	OTHER
Dual-Core	HARDDISK	OTHER
Processor	HARDDISK	OTHER
8GB	HARDDISK	RAM
RAM	HARDDISK	RAM
1TB	HARDDISK	HARDDISK
HDD	HARDDISK	HARDDISK
Radeon	HARDDISK	OTHER
R5	HARDDISK	OTHER
Graphics	HARDDISK	OTHER
WIFI	BRAND	OTHER
HDMI	BRAND	OTHER
DVD-RW	OS	OTHER
MaxxAudio	OS	OTHER
Bluetooth	OS	OTHER
Windows	OS	OS
10-Gray	OS	OS
Acer	BRAND	BRAND
15.6	SCREENSIZE	SCREENSIZE
''	BRAND	SCREENSIZE
Chromebook	BRAND	OTHER
Celeron	BRAND	OTHER
N3060	HARDDISK	OTHER
Dual-Core	HARDDISK	OTHER
1.6	HARDDISK	OTHER
GHz	HARDDISK	OTHER
2GB	HARDDISK	RAM
RAM	HARDDISK	RAM
16GB	HARDDISK	HARDDISK
Flash	HARDDISK	HARDDISK
ChromeOS	BRAND	OTHER
-LRB-	BRAND	OTHER
Certified	BRAND	OTHER
Refurbished	BRAND	OTHER
-RRB-	BRAND	OTHER
Acer	BRAND	OTHER
Aspire	BRAND	OTHER
E	HARDDISK	OTHER
15	SCREENSIZE	OTHER
E5-575-33BM	DISPLAY	OTHER
15.6-Inch	DISPLAY	SCREENSIZE
Full	DISPLAY	DISPLAY
HD	DISPLAY	DISPLAY
Notebook	DISPLAY	DISPLAY
-LRB-	DISPLAY	OTHER
Intel	DISPLAY	OTHER
Core	DISPLAY	OTHER
i3-7100U	HARDDISK	OTHER
Processor	HARDDISK	OTHER
7th	HARDDISK	OTHER
Generation	HARDDISK	OTHER
,	HARDDISK	RAM
4GB	HARDDISK	RAM
DDR4	HARDDISK	RAM
,	HARDDISK	RAM
1TB	HARDDISK	HARDDISK
5400RPM	HARDDISK	HARDDISK
Hard	HARDDISK	OTHER
Drive	HARDDISK	OTHER
,	HARDDISK	OTHER
Intel	HARDDISK	OTHER
HD	HARDDISK	OTHER
Graphics	OS	OTHER
620	OS	OTHER
,	OS	OTHER
Windows	OS	OS
10	OS	OS
Home	OS	OS
-RRB-	OS	OTHER
,	OS	OTHER
Obsidian	OS	OTHER
Black	COLOR	OTHER
Acer	COLOR	OTHER
Aspire	COLOR	OTHER
E	OS	OTHER
15	OS	OTHER
,	HARDDISK	OTHER
7th	BRAND	OTHER
Gen	BRAND	OTHER
Intel	BRAND	OTHER
Core	BRAND	OTHER
i5	HARDDISK	OTHER
,	HARDDISK	OTHER
GeForce	HARDDISK	OTHER
940MX	HARDDISK	OTHER
,	SCREENSIZE	BRAND
15.6	SCREENSIZE	SCREENSIZE
''	DISPLAY	SCREENSIZE
Full	DISPLAY	OTHER
HD	DISPLAY	OTHER
,	HARDDISK	RAM
8GB	HARDDISK	RAM
DDR4	HARDDISK	RAM
,	HARDDISK	HARDDISK
256GB	HARDDISK	HARDDISK
SSD	HARDDISK	HARDDISK
,	HARDDISK	HARDDISK
Win	OS	OS
10	OS	OS
,	HARDDISK	OTHER
E5-575G-57D4	BRAND	OTHER
Acer	BRAND	OTHER
Aspire	BRAND	OTHER
E5-575G-53VG	DISPLAY	OTHER
15.6-Inch	DISPLAY	SCREENSIZE
Full	DISPLAY	DISPLAY
HD	DISPLAY	DISPLAY
Laptop	DISPLAY	DISPLAY
-LRB-	DISPLAY	OTHER
Intel	DISPLAY	OTHER
Core	DISPLAY	OTHER
i5	HARDDISK	OTHER
,	HARDDISK	OTHER
NVIDIA	HARDDISK	OTHER
940MX	HARDDISK	OTHER
,	HARDDISK	RAM
8GB	HARDDISK	RAM
DDR4	HARDDISK	RAM
,	HARDDISK	HARDDISK
256GB	HARDDISK	HARDDISK
SSD	HARDDISK	HARDDISK
,	HARDDISK	HARDDISK
Windows	OS	OS
10	OS	OS
-RRB-	BRAND	OTHER
Acer	BRAND	OTHER
Aspire	BRAND	OTHER
ES	BRAND	OTHER
15	SCREENSIZE	OTHER
,	SCREENSIZE	OTHER
15.6	SCREENSIZE	SCREENSIZE
''	DISPLAY	SCREENSIZE
HD	DISPLAY	OTHER
,	DISPLAY	OTHER
Intel	DISPLAY	OTHER
Core	DISPLAY	OTHER
i3-6100U	HARDDISK	OTHER
,	HARDDISK	RAM
4GB	HARDDISK	RAM
DDR3L	HARDDISK	RAM
,	HARDDISK	RAM
1TB	HARDDISK	HARDDISK
HDD	HARDDISK	HARDDISK
,	OS	HARDDISK
Windows	OS	OS
10	OS	OS
Home	OS	OTHER
,	OS	OTHER
ES1-572-31KW	BRAND	OTHER
Acer	BRAND	OTHER
Aspire	BRAND	OTHER
VX	BRAND	OTHER
15	BRAND	OTHER
Gaming	BRAND	OTHER
Laptop	BRAND	OTHER
,	HARDDISK	OTHER
7th	BRAND	OTHER
Gen	BRAND	OTHER
Intel	BRAND	OTHER
Core	BRAND	OTHER
i7	HARDDISK	OTHER
,	HARDDISK	OTHER
NVIDIA	HARDDISK	OTHER
GeForce	HARDDISK	OTHER
GTX	HARDDISK	OTHER
1050	HARDDISK	OTHER
Ti	SCREENSIZE	OTHER
,	SCREENSIZE	OTHER
15.6	SCREENSIZE	OTHER
Full	DISPLAY	OTHER
HD	DISPLAY	OTHER
,	HARDDISK	OTHER
16GB	HARDDISK	HARDDISK
DDR4	HARDDISK	HARDDISK
,	HARDDISK	HARDDISK
256GB	HARDDISK	HARDDISK
SSD	HARDDISK	HARDDISK
,	HARDDISK	HARDDISK
VX5-591G-75RM	HARDDISK	OTHER
Acer	HARDDISK	OTHER
Chromebook	HARDDISK	OTHER
14	SCREENSIZE	OTHER
,	BRAND	OTHER
Aluminum	BRAND	OTHER
,	DISPLAY	OTHER
14-inch	DISPLAY	OTHER
Full	DISPLAY	OTHER
HD	DISPLAY	OTHER
,	BRAND	OTHER
Intel	BRAND	OTHER
Celeron	BRAND	OTHER
Quad-Core	DISPLAY	OTHER
N3160	HARDDISK	OTHER
,	HARDDISK	RAM
4GB	HARDDISK	RAM
LPDDR3	HARDDISK	OTHER
,	HARDDISK	OTHER
32GB	HARDDISK	HARDDISK
,	HARDDISK	OTHER
Chrome	HARDDISK	OS
,	BRAND	OTHER
CB3-431-C5FM	BRAND	OTHER
Acer	BRAND	OTHER
Chromebook	BRAND	OTHER
CB3-131-C3SZ	BRAND	OTHER
11.6-Inch	BRAND	OTHER
Laptop	BRAND	OTHER
-LRB-	BRAND	OTHER
Intel	BRAND	OTHER
Celeron	BRAND	OTHER
N2840	HARDDISK	OTHER
Dual-Core	HARDDISK	OTHER
Processor	HARDDISK	OTHER
,2	HARDDISK	RAM
GB	HARDDISK	RAM
RAM	HARDDISK	RAM
,16	HARDDISK	HARDDISK
GB	HARDDISK	HARDDISK
Solid	HARDDISK	OTHER
State	HARDDISK	OTHER
Drive	HARDDISK	OTHER
,	HARDDISK	OTHER
Chrome	HARDDISK	OS
-RRB-	BRAND	OTHER
,	BRAND	OTHER
White	BRAND	OTHER
Acer	BRAND	OTHER
Chromebook	BRAND	OTHER
R	OS	OTHER
13	OS	OTHER
Convertible	OS	OTHER
,	DISPLAY	OTHER
13.3-inch	DISPLAY	OTHER
Full	DISPLAY	OTHER
HD	DISPLAY	OTHER
Touch	DISPLAY	OTHER
,	DISPLAY	OTHER
MediaTek	DISPLAY	OTHER
MT8173C	HARDDISK	OTHER
,	HARDDISK	OTHER
4GB	HARDDISK	OTHER
LPDDR3	HARDDISK	RAM
,	HARDDISK	OTHER
32GB	HARDDISK	HARDDISK
,	HARDDISK	HARDDISK
Chrome	HARDDISK	OS
,	BRAND	OTHER
CB5-312T-K5X4	BRAND	OTHER
Acer	BRAND	OTHER
Swift	BRAND	OTHER
3	HARDDISK	OTHER
,	DISPLAY	BRAND
14	SCREENSIZE	SCREENSIZE
''	DISPLAY	SCREENSIZE
Full	DISPLAY	OTHER
HD	DISPLAY	OTHER
,	DISPLAY	OTHER
7th	DISPLAY	OTHER
Gen	BRAND	OTHER
Intel	BRAND	OTHER
Core	BRAND	OTHER
i5-7200U	HARDDISK	OTHER
,	HARDDISK	RAM
8GB	HARDDISK	RAM
DDR4	HARDDISK	RAM
,	HARDDISK	HARDDISK
256GB	HARDDISK	HARDDISK
SSD	HARDDISK	HARDDISK
,	HARDDISK	HARDDISK
Windows	OS	OS
10	OS	OTHER
,	OS	OTHER
SF314-51-57CP	OS	OTHER
Apple	OS	OTHER
13	OS	OTHER
Inch	BRAND	OTHER
MacBook	BRAND	OTHER
Pro	BRAND	OTHER
/	HARDDISK	OTHER
MD101	HARDDISK	OTHER
/	HARDDISK	OTHER
2.5	BRAND	OTHER
GHz	BRAND	OTHER
Intel	BRAND	OTHER
Core	BRAND	OTHER
i5	HARDDISK	OTHER
,	HARDDISK	RAM
4GB	HARDDISK	RAM
RAM	HARDDISK	RAM
,	HARDDISK	RAM
500GB	HARDDISK	HARDDISK
HDD	HARDDISK	HARDDISK
,	HARDDISK	OTHER
Intel	HARDDISK	OTHER
HD	HARDDISK	OTHER
4000	HARDDISK	OTHER
Graphics	HARDDISK	OTHER
,	DISPLAY	OTHER
DVDRW	BRAND	OTHER
,	BRAND	OTHER
WIFI	BRAND	OTHER
Wireless	BRAND	OTHER
,	BRAND	OTHER
iSight	BRAND	OTHER
Webcam	BRAND	OTHER
Apple	BRAND	OTHER
A1181	BRAND	OTHER
Macbook	BRAND	OTHER
MB403LL	BRAND	OTHER
13.3	BRAND	OTHER
Inch	BRAND	OTHER
Laptop	BRAND	DISPLAY
-LRB-	HARDDISK	OTHER
2.1	HARDDISK	OTHER
GHz	HARDDISK	OTHER
Intel	HARDDISK	OTHER
Core	HARDDISK	OTHER
2	HARDDISK	OTHER
Duo	HARDDISK	OTHER
Mobile	HARDDISK	OTHER
,	HARDDISK	OTHER
2	HARDDISK	RAM
GB	HARDDISK	RAM
SDRAM	HARDDISK	RAM
,	HARDDISK	RAM
120GB	HARDDISK	HARDDISK
HDD	HARDDISK	HARDDISK
,	HARDDISK	HARDDISK
Mac	HARDDISK	OTHER
OS	HARDDISK	OTHER
x	HARDDISK	OTHER
10.7	SCREENSIZE	OTHER
Lion	BRAND	OTHER
-RRB-	BRAND	OTHER
,	BRAND	OTHER
White	BRAND	OTHER
Apple	BRAND	BRAND
MacBook	BRAND	BRAND
Air	BRAND	BRAND
13.3-Inch	BRAND	SCREENSIZE
Laptop	BRAND	DISPLAY
-LRB-	BRAND	DISPLAY
Intel	BRAND	OTHER
Core	BRAND	OTHER
i5	HARDDISK	OTHER
1.6	HARDDISK	OTHER
GHz	HARDDISK	OTHER
,	HARDDISK	OTHER
128GB	HARDDISK	HARDDISK
Flash	HARDDISK	HARDDISK
,	HARDDISK	HARDDISK
8GB	HARDDISK	RAM
RAM	HARDDISK	RAM
,	HARDDISK	RAM
OS	OS	OTHER
X	OS	OTHER
El	OS	OTHER
Capitan	OS	OTHER
-RRB-	OS	OTHER
Apple	BRAND	BRAND
MacBook	BRAND	BRAND
Air	BRAND	BRAND
MMGG2LL/A	BRAND	OTHER
13.3-Inch	BRAND	SCREENSIZE
Laptop	BRAND	DISPLAY
-LRB-	BRAND	DISPLAY
Intel	BRAND	OTHER
Core	BRAND	OTHER
i5	HARDDISK	OTHER
,	HARDDISK	RAM
8GB	HARDDISK	RAM
RAM	HARDDISK	RAM
,	HARDDISK	RAM
256GB	HARDDISK	HARDDISK
,	HARDDISK	HARDDISK
Mac	HARDDISK	OS
OS	OS	OS
X	OS	OS
-RRB-	BRAND	OTHER
,	BRAND	OTHER
Newest	BRAND	BRAND
Version	BRAND	BRAND
Apple	BRAND	BRAND
MacBook	BRAND	BRAND
Pro	HARDDISK	HARDDISK
MF839LL/A	BRAND	OTHER
13.3-Inch	BRAND	SCREENSIZE
Laptop	BRAND	DISPLAY
with	BRAND	DISPLAY
Retina	BRAND	DISPLAY
Display	BRAND	DISPLAY
-LRB-	HARDDISK	DISPLAY
2.7	HARDDISK	OTHER
GHz	HARDDISK	OTHER
Intel	HARDDISK	OTHER
Core	HARDDISK	OTHER
i5	HARDDISK	OTHER
Processor	HARDDISK	OTHER
,	HARDDISK	RAM
8	HARDDISK	RAM
GB	HARDDISK	RAM
RAM	HARDDISK	RAM
,	HARDDISK	RAM
128	HARDDISK	HARDDISK
GB	HARDDISK	HARDDISK
Hard	HARDDISK	HARDDISK
Drive	HARDDISK	HARDDISK
,	HARDDISK	HARDDISK
OS	OS	OS
X	OS	OS
Yosemite	OS	OS
-RRB-	OS	OTHER
Apple	BRAND	BRAND
MacBook	HARDDISK	BRAND
Pro	HARDDISK	BRAND
MJLQ2LL/A	HARDDISK	BRAND
15.4-Inch	HARDDISK	SCREENSIZE
256GB	HARDDISK	HARDDISK
Laptop	HARDDISK	HARDDISK
with	BRAND	DISPLAY
Retina	BRAND	DISPLAY
Display	BRAND	DISPLAY
-LRB-	BRAND	DISPLAY
Certified	BRAND	OTHER
Refurbished	BRAND	OTHER
-RRB-	BRAND	OTHER
Apple	BRAND	BRAND
MacBook	BRAND	BRAND
Pro	HARDDISK	BRAND
MLH32LL/A	HARDDISK	BRAND
15.4-inch	HARDDISK	SCREENSIZE
Laptop	HARDDISK	SCREENSIZE
with	HARDDISK	OTHER
Touch	HARDDISK	OTHER
Bar	HARDDISK	OTHER
-LRB-	HARDDISK	OTHER
2.6	HARDDISK	OTHER
GHz	HARDDISK	OTHER
quad-core	HARDDISK	OTHER
Intel	HARDDISK	OTHER
Core	HARDDISK	OTHER
i7	HARDDISK	OTHER
,	HARDDISK	HARDDISK
256GB	HARDDISK	HARDDISK
Retina	HARDDISK	DISPLAY
Display	HARDDISK	DISPLAY
-RRB-	BRAND	OTHER
,	BRAND	OTHER
Space	BRAND	COLOR
Gray	BRAND	COLOR
ASUS	BRAND	BRAND
C201PA-DS02-LG	BRAND	BRAND
11.6-Inch	BRAND	SCREENSIZE
Chromebook	BRAND	BRAND
-LRB-	BRAND	OTHER
Rockchip	BRAND	OTHER
RK3288	HARDDISK	OTHER
1.8	HARDDISK	OTHER
GHz	HARDDISK	OTHER
Quad-Core	HARDDISK	OTHER
,	HARDDISK	RAM
4GB	HARDDISK	RAM
DDR3	HARDDISK	RAM
,	HARDDISK	HARDDISK
16GB	HARDDISK	HARDDISK
SSD	HARDDISK	HARDDISK
+	HARDDISK	HARDDISK
TPM	HARDDISK	HARDDISK
,	HARDDISK	HARDDISK
Chrome	HARDDISK	OS
OS	OS	OS
-RRB-	BRAND	OTHER
,	BRAND	OTHER
Lotus	BRAND	COLOR
Gold/Red	BRAND	COLOR
ASUS	BRAND	BRAND
C302CA-DHM4	BRAND	BRAND
12.5-Inch	BRAND	SCREENSIZE
Touchscreen	BRAND	OTHER
Chromebook	BRAND	OTHER
Flip	BRAND	OTHER
Intel	BRAND	OTHER
Core	BRAND	OTHER
m3	HARDDISK	OTHER
with	HARDDISK	OTHER
64GB	HARDDISK	HARDDISK
storage	HARDDISK	OTHER
and	HARDDISK	RAM
4GB	HARDDISK	RAM
RAM	HARDDISK	RAM
ASUS	BRAND	BRAND
Chromebook	BRAND	BRAND
C202SA-YS02	SCREENSIZE	BRAND
11.6	SCREENSIZE	SCREENSIZE
''	BRAND	SCREENSIZE
Ruggedized	BRAND	OTHER
and	BRAND	OTHER
Water	BRAND	OTHER
Resistant	BRAND	OTHER
Design	BRAND	OTHER
with	HARDDISK	OTHER
180	HARDDISK	OTHER
Degree	HARDDISK	OTHER
-LRB-	HARDDISK	OTHER
Intel	HARDDISK	OTHER
Celeron	HARDDISK	OTHER
4	HARDDISK	RAM
GB	HARDDISK	RAM
,	HARDDISK	RAM
16GB	HARDDISK	HARDDISK
eMMC	HARDDISK	HARDDISK
,	HARDDISK	HARDDISK
Dark	BRAND	COLOR
Blue	BRAND	COLOR
-RRB-	BRAND	OTHER
ASUS	BRAND	BRAND
Chromebook	BRAND	BRAND
C300SA	BRAND	OTHER
Compact	BRAND	OTHER
13.3	BRAND	SCREENSIZE
Inch	BRAND	SCREENSIZE
-LRB-	BRAND	OTHER
Intel	BRAND	OTHER
Celeron	BRAND	OTHER
,	HARDDISK	RAM
4GB	HARDDISK	RAM
,	HARDDISK	RAM
16GB	HARDDISK	HARDDISK
eMMC	HARDDISK	HARDDISK
,	HARDDISK	HARDDISK
Black	COLOR	COLOR
-RRB-	BRAND	OTHER
ASUS	BRAND	BRAND
E200HA	BRAND	BRAND
Portable	BRAND	OTHER
Lightweight	BRAND	OTHER
11.6-inch	BRAND	SCREENSIZE
Intel	BRAND	OTHER
Quad-Core	BRAND	OTHER
Laptop	BRAND	OTHER
,	HARDDISK	RAM
4GB	HARDDISK	RAM
RAM	HARDDISK	RAM
,	HARDDISK	RAM
32GB	HARDDISK	HARDDISK
Storage	HARDDISK	HARDDISK
,	OS	HARDDISK
Windows	OS	OS
10	OS	OS
with	OS	OTHER
1	BRAND	OTHER
Year	BRAND	OTHER
Microsoft	BRAND	OTHER
Office	BRAND	OTHER
365	BRAND	OTHER
Subscription	BRAND	OTHER
ASUS	BRAND	OTHER
F556UA-AB32	HARDDISK	OTHER
15.6-inch	SCREENSIZE	OTHER
Full-HD	DISPLAY	OTHER
Laptop	BRAND	OTHER
,	BRAND	OTHER
Core	BRAND	OTHER
i3	HARDDISK	OTHER
,	HARDDISK	RAM
4GB	HARDDISK	RAM
RAM	HARDDISK	RAM
,	HARDDISK	RAM
1TB	HARDDISK	HARDDISK
HDD	HARDDISK	HARDDISK
with	OS	OTHER
Windows	OS	OS
10	OS	OS
ASUS	BRAND	BRAND
F556UA-AB54	OS	BRAND
NB	OS	BRAND
15.6	SCREENSIZE	SCREENSIZE
''	HARDDISK	SCREENSIZE
FHD	HARDDISK	DISPLAY
Intel	HARDDISK	OTHER
Core	HARDDISK	OTHER
i5	HARDDISK	OTHER
8GB	HARDDISK	RAM
256G	HARDDISK	HARDDISK
SSD	HARDDISK	HARDDISK
Windows	OS	OS
10	OS	OS
Laptop	OS	DISPLAY
-LRB-	OS	OTHER
Gold	OS	OTHER
-RRB-	BRAND	OTHER
ASUS	BRAND	OTHER
Flip	BRAND	OTHER
2-in-1	HARDDISK	OTHER
C100PA-DS03	BRAND	OTHER
10.1-inch	BRAND	OTHER
Touch	BRAND	OTHER
Chromebook	BRAND	OTHER
-LRB-	HARDDISK	OTHER
1.8	HARDDISK	OTHER
GHz	HARDDISK	OTHER
,	HARDDISK	RAM
4GB	HARDDISK	RAM
Memory	HARDDISK	RAM
,	HARDDISK	RAM
32GB	HARDDISK	HARDDISK
eMMC	HARDDISK	OTHER
,	HARDDISK	OTHER
Chrome	HARDDISK	OS
OS	HARDDISK	OTHER
-RRB-	BRAND	OTHER
,	BRAND	OTHER
Silver	BRAND	OTHER
ASUS	BRAND	OTHER
K501UW-AB78	HARDDISK	OTHER
15.6-inch	BRAND	SCREENSIZE
Full-HD	BRAND	DISPLAY
Gaming	BRAND	DISPLAY
Laptop	BRAND	DISPLAY
-LRB-	BRAND	OTHER
Intel	BRAND	OTHER
Core	BRAND	OTHER
i7	HARDDISK	OTHER
,	HARDDISK	OTHER
GTX	HARDDISK	OTHER
960M	HARDDISK	OTHER
,	HARDDISK	RAM
8GB	HARDDISK	RAM
DDR4	HARDDISK	RAM
,	HARDDISK	RAM
512GB	HARDDISK	HARDDISK
SSD	HARDDISK	OTHER
-RRB-	HARDDISK	OTHER
Glacier	HARDDISK	OTHER
Grey	HARDDISK	OTHER
ASUS	HARDDISK	BRAND
ROG	HARDDISK	BRAND
GL502VS-DB71	SCREENSIZE	BRAND
15.6	SCREENSIZE	SCREENSIZE
''	BRAND	SCREENSIZE
FullHD	BRAND	OTHER
Gaming	BRAND	OTHER
Laptop	BRAND	OTHER
,	BRAND	OTHER
Intel	BRAND	OTHER
Core	BRAND	OTHER
i76700HQ	HARDDISK	OTHER
,	HARDDISK	OTHER
NVIDIA	HARDDISK	OTHER
GTX	HARDDISK	OTHER
1070,256	HARDDISK	HARDDISK
GB	HARDDISK	HARDDISK
PCIE	HARDDISK	HARDDISK
SSD	HARDDISK	HARDDISK
+1	HARDDISK	HARDDISK
TB	HARDDISK	HARDDISK
HDD	HARDDISK	HARDDISK
,	HARDDISK	HARDDISK
Windows	OS	OS
10	OS	OS
,	OS	OS
Black	COLOR	COLOR
ASUS	BRAND	BRAND
ROG	BRAND	BRAND
Strix	HARDDISK	BRAND
GL753VD	HARDDISK	BRAND
17.3	SCREENSIZE	SCREENSIZE
''	HARDDISK	SCREENSIZE
Gaming	HARDDISK	OTHER
Laptop	HARDDISK	OTHER
GTX	HARDDISK	OTHER
1050	HARDDISK	OTHER
4GB	HARDDISK	OTHER
Intel	HARDDISK	OTHER
Core	HARDDISK	OTHER
i7-7700HQ	HARDDISK	OTHER
16GB	HARDDISK	RAM
DDR4	HARDDISK	RAM
1TB	HARDDISK	HARDDISK
7200RPM	HARDDISK	HARDDISK
HDD	HARDDISK	HARDDISK
RGB	HARDDISK	OTHER
Keyboard	HARDDISK	OTHER
ASUS	BRAND	OTHER
T102HA-D4-GR	BRAND	OTHER
Transformer	BRAND	OTHER
Mini	BRAND	OTHER
10.1-Inch	HARDDISK	OTHER
2	HARDDISK	OTHER
in	HARDDISK	OTHER
1	HARDDISK	OTHER
Touchscreen	HARDDISK	OTHER
Laptop	HARDDISK	OTHER
-LRB-	HARDDISK	OTHER
Intel	HARDDISK	OTHER
Quad-Core	HARDDISK	OTHER
,	HARDDISK	OTHER
128GB	HARDDISK	OTHER
EMMC	HARDDISK	OTHER
,	HARDDISK	OTHER
Grey	HARDDISK	OTHER
,	HARDDISK	OTHER
keyboard	HARDDISK	OTHER
included	BRAND	OTHER
-RRB-	BRAND	OTHER
ASUS	BRAND	BRAND
VivoBook	HARDDISK	BRAND
X540SA	BRAND	BRAND
15.6-Inch	BRAND	SCREENSIZE
High	BRAND	OTHER
Performance	BRAND	OTHER
Premium	BRAND	DISPLAY
HD	BRAND	DISPLAY
Laptop	BRAND	DISPLAY
-LRB-	BRAND	OTHER
Intel	BRAND	OTHER
Quad	BRAND	OTHER
Core	BRAND	OTHER
Pentium	BRAND	OTHER
N3700	BRAND	OTHER
Processor	BRAND	OTHER
up	HARDDISK	OTHER
to	HARDDISK	OTHER
2.4	HARDDISK	OTHER
GHz	HARDDISK	OTHER
,	HARDDISK	RAM
4	HARDDISK	RAM
GB	HARDDISK	RAM
RAM	HARDDISK	RAM
,	HARDDISK	RAM
500GB	HARDDISK	HARDDISK
HDD	HARDDISK	HARDDISK
,	OS	HARDDISK
Windows	OS	OS
10	OS	OS
-RRB-	OS	OTHER
Silver	OS	OTHER
ASUS	BRAND	BRAND
ZenBook	HARDDISK	BRAND
3	HARDDISK	OTHER
UX390UA-XH74-BL	HARDDISK	OTHER
12.5-inch	BRAND	SCREENSIZE
Ultra-Slim	BRAND	DISPLAY
Lightweight	BRAND	DISPLAY
Laptop	BRAND	DISPLAY
-LRB-	BRAND	OTHER
Intel	BRAND	OTHER
KabyLake	BRAND	OTHER
Core	BRAND	OTHER
i7	HARDDISK	OTHER
7500U	HARDDISK	OTHER
2.7	HARDDISK	OTHER
GHz	HARDDISK	OTHER
Processor	HARDDISK	OTHER
,	HARDDISK	RAM
16GB	HARDDISK	HARDDISK
2133Mhz	HARDDISK	RAM
DDR3	HARDDISK	RAM
,	HARDDISK	HARDDISK
512GB	HARDDISK	HARDDISK
SSD	HARDDISK	HARDDISK
,	OS	HARDDISK
Windows	OS	OS
10	OS	OS
Professional	OS	OS
64bit	OS	OTHER
-RRB-	OS	OTHER
ASUS	BRAND	BRAND
ZenBook	BRAND	OTHER
Flip	BRAND	OTHER
UX360CA-DBM2T	SCREENSIZE	OTHER
13.3	SCREENSIZE	OTHER
-	BRAND	OTHER
inch	BRAND	OTHER
Touchscreen	BRAND	OTHER
Laptop	BRAND	DISPLAY
-LRB-	BRAND	DISPLAY
Intel	BRAND	OTHER
Core	HARDDISK	OTHER
M	HARDDISK	OTHER
CPU	HARDDISK	OTHER
,8	HARDDISK	RAM
GB	HARDDISK	RAM
RAM	HARDDISK	RAM
,512	HARDDISK	HARDDISK
GB	HARDDISK	HARDDISK
Solid	HARDDISK	OTHER
State	HARDDISK	OTHER
Drive	HARDDISK	OTHER
,	OS	OTHER
Windows	OS	OS
10	OS	OS
-RRB-	OS	OTHER
ASUS	BRAND	BRAND
ZenBook	BRAND	BRAND
Flip	BRAND	OTHER
UX360CA-UBM1T	BRAND	OTHER
13.3-inch	BRAND	OTHER
Touchscreen	BRAND	OTHER
Convertible	BRAND	OTHER
Laptop	BRAND	OTHER
Core	HARDDISK	OTHER
m3	HARDDISK	OTHER
8GB	HARDDISK	RAM
DDR3	HARDDISK	RAM
256GB	HARDDISK	HARDDISK
SSD	HARDDISK	HARDDISK
with	HARDDISK	OTHER
Windows	OS	OS
10	OS	OS
ASUS	BRAND	BRAND
ZenBook	OS	BRAND
Pro	OS	BRAND
UX501VW	OS	BRAND
15.6-Inch	BRAND	SCREENSIZE
4K	BRAND	DISPLAY
Touchscreen	BRAND	DISPLAY
Laptop	BRAND	DISPLAY
-LRB-	BRAND	OTHER
Core	HARDDISK	OTHER
i7-6700HQ	HARDDISK	OTHER
CPU	HARDDISK	OTHER
,	HARDDISK	OTHER
16	HARDDISK	OTHER
GB	HARDDISK	RAM
DDR4	HARDDISK	RAM
,	HARDDISK	RAM
512	HARDDISK	HARDDISK
GB	HARDDISK	HARDDISK
NVMe	HARDDISK	HARDDISK
SSD	HARDDISK	HARDDISK
,	HARDDISK	HARDDISK
GTX960M	HARDDISK	OTHER
GPU	HARDDISK	OTHER
,	HARDDISK	OTHER
Thunderbolt	HARDDISK	OTHER
III	OS	OTHER
,	OS	OTHER
Windows	OS	OS
10	OS	OS
Home	OS	OS
-RRB-	BRAND	OTHER
ASUS	BRAND	BRAND
ZenBook	OS	BRAND
UX303UB	HARDDISK	BRAND
13.3-Inch	HARDDISK	SCREENSIZE
QHD	HARDDISK	OTHER
+	HARDDISK	OTHER
Touchscreen	BRAND	OTHER
Laptop	BRAND	OTHER
,	BRAND	OTHER
Intel	BRAND	OTHER
Core	BRAND	OTHER
i7	HARDDISK	OTHER
,	HARDDISK	OTHER
12	HARDDISK	RAM
GB	HARDDISK	RAM
RAM	HARDDISK	RAM
,	HARDDISK	RAM
512	HARDDISK	HARDDISK
GB	HARDDISK	HARDDISK
SSD	HARDDISK	HARDDISK
,	HARDDISK	HARDDISK
Discrete	HARDDISK	OTHER
GPU	HARDDISK	OTHER
Nvidia	HARDDISK	OTHER
GT940M	OS	OTHER
,	OS	OTHER
Windows	OS	OS
10	OS	OS
-LRB-	OS	OTHER
64	OS	OTHER
bit	OS	OTHER
-RRB-	BRAND	OTHER
ASUS	BRAND	BRAND
ZenBook	HARDDISK	BRAND
UX330UA-AH54	HARDDISK	BRAND
13.3-inch	BRAND	SCREENSIZE
Ultra-Slim	BRAND	DISPLAY
Laptop	BRAND	DISPLAY
-LRB-	BRAND	OTHER
Core	BRAND	OTHER
i5	BRAND	OTHER
Processor	BRAND	OTHER
,	HARDDISK	RAM
8GB	HARDDISK	RAM
DDR3	HARDDISK	RAM
,	HARDDISK	HARDDISK
256GB	HARDDISK	HARDDISK
SSD	HARDDISK	HARDDISK
,	HARDDISK	HARDDISK
Windows	OS	OS
10	OS	OS
-RRB-	OS	OTHER
With	OS	OTHER
Harman	BRAND	OTHER
Kardon	BRAND	OTHER
Quad	BRAND	OTHER
Speakers	BRAND	OTHER
,	BRAND	OTHER
Backlit	BRAND	OTHER
keyboard	HARDDISK	OTHER
,	BRAND	OTHER
fingerprint	BRAND	OTHER
ASUS	BRAND	BRAND
ZX53VW	SCREENSIZE	BRAND
15.6	SCREENSIZE	SCREENSIZE
''	BRAND	SCREENSIZE
Gaming	BRAND	OTHER
Laptop	BRAND	OTHER
,	HARDDISK	OTHER
NVIDIA	HARDDISK	OTHER
,	HARDDISK	OTHER
GTX	HARDDISK	OTHER
960M	HARDDISK	OTHER
4GB	HARDDISK	OTHER
,	HARDDISK	OTHER
FHD	DISPLAY	OTHER
,	BRAND	OTHER
Intel	BRAND	OTHER
Core	BRAND	OTHER
i5-6300HQ	HARDDISK	OTHER
,	HARDDISK	RAM
8GB	HARDDISK	RAM
DDR4	HARDDISK	RAM
,	HARDDISK	RAM
512GB	HARDDISK	HARDDISK
SSD	HARDDISK	OTHER
,	HARDDISK	OTHER
Backlit	HARDDISK	OTHER
keyboard	HARDDISK	OTHER
,	HARDDISK	OTHER
Microsoft	HARDDISK	OTHER
signature	HARDDISK	OTHER
image	HARDDISK	OTHER
,	BRAND	OTHER
Anti-Glare	BRAND	OTHER
Matte	BRAND	OTHER
Display	BRAND	OTHER
.	BRAND	OTHER
Dell	BRAND	BRAND
i3552-3240BLK	SCREENSIZE	BRAND
15.6	SCREENSIZE	SCREENSIZE
''	DISPLAY	SCREENSIZE
HD	DISPLAY	DISPLAY
Laptop	BRAND	DISPLAY
-LRB-	BRAND	OTHER
Intel	BRAND	OTHER
Pentium	BRAND	OTHER
N3700	HARDDISK	OTHER
1.6	HARDDISK	OTHER
GHz	HARDDISK	OTHER
Processor	HARDDISK	OTHER
,	HARDDISK	OTHER
4	HARDDISK	RAM
GB	HARDDISK	RAM
DDR3L	HARDDISK	RAM
SDRAM	HARDDISK	RAM
,	HARDDISK	RAM
500	HARDDISK	HARDDISK
GB	HARDDISK	HARDDISK
HDD	HARDDISK	HARDDISK
,	HARDDISK	HARDDISK
Windows	OS	OS
10	OS	OS
-RRB-	OS	OTHER
Black	COLOR	COLOR
Dell	COLOR	BRAND
Inspiron	COLOR	BRAND
15	SCREENSIZE	BRAND
5000	SCREENSIZE	BRAND
15.6	SCREENSIZE	SCREENSIZE
''	HARDDISK	SCREENSIZE
FHD	HARDDISK	DISPLAY
Touchscreen	BRAND	DISPLAY
Laptop	BRAND	DISPLAY
-LRB-	BRAND	DISPLAY
Intel	BRAND	OTHER
Core	HARDDISK	OTHER
i5-6200U	HARDDISK	OTHER
,	HARDDISK	RAM
8	HARDDISK	RAM
GB	HARDDISK	RAM
RAM	HARDDISK	RAM
,	HARDDISK	RAM
1	HARDDISK	HARDDISK
TB	HARDDISK	HARDDISK
HDD	HARDDISK	HARDDISK
,	HARDDISK	HARDDISK
Windows	HARDDISK	OS
10-MaxxAudio	HARDDISK	OS
Pro	HARDDISK	OTHER
-RRB-	BRAND	OTHER
,	BRAND	OTHER
Silver	BRAND	BRAND
Dell	BRAND	BRAND
Inspiron	BRAND	BRAND
15.6	SCREENSIZE	SCREENSIZE
''	DISPLAY	SCREENSIZE
Touch-Screen	DISPLAY	DISPLAY
HD	DISPLAY	DISPLAY
I3558-10000BLK	HARDDISK	DISPLAY
Laptop	HARDDISK	DISPLAY
-LRB-	HARDDISK	OTHER
2017	HARDDISK	OTHER
Model	HARDDISK	OTHER
-RRB-	BRAND	OTHER
,	BRAND	OTHER
Intel	BRAND	OTHER
Core	BRAND	OTHER
i5-5200U	BRAND	OTHER
Processor	BRAND	OTHER
,	HARDDISK	RAM
6GB	HARDDISK	RAM
Memory	HARDDISK	RAM
,	HARDDISK	RAM
1TB	HARDDISK	HARDDISK
HDD	HARDDISK	HARDDISK
,	HARDDISK	OTHER
HDMI	HARDDISK	OTHER
,	HARDDISK	OTHER
Bluetooth	HARDDISK	OTHER
,	HARDDISK	OTHER
DVD-RW	DISPLAY	OTHER
,	DISPLAY	OTHER
WiFi	DISPLAY	OTHER
,	DISPLAY	OTHER
HD	DISPLAY	OTHER
Webcam	OS	OTHER
,	OS	OTHER
Windows	OS	OS
10	OS	OS
-	OS	OS
MaxxAudio	BRAND	BRAND
Dell	BRAND	BRAND
Inspiron	BRAND	BRAND
15.6	SCREENSIZE	SCREENSIZE
''	DISPLAY	SCREENSIZE
Touchscreen	DISPLAY	DISPLAY
HD	DISPLAY	DISPLAY
I3558-5501BLK	HARDDISK	DISPLAY
Laptop	HARDDISK	DISPLAY
-LRB-	HARDDISK	OTHER
2017	HARDDISK	OTHER
Model	HARDDISK	OTHER
-RRB-	BRAND	OTHER
,	BRAND	OTHER
Intel	BRAND	OTHER
Core	BRAND	OTHER
i5-5200U	BRAND	OTHER
Processor	BRAND	OTHER
,	HARDDISK	RAM
8GB	HARDDISK	RAM
Memory	HARDDISK	RAM
,	HARDDISK	RAM
1TB	HARDDISK	HARDDISK
HDD	HARDDISK	HARDDISK
,	HARDDISK	OTHER
HDMI	HARDDISK	OTHER
,	HARDDISK	OTHER
Bluetooth	HARDDISK	OTHER
,	HARDDISK	OTHER
DVD-RW	DISPLAY	OTHER
,	DISPLAY	OTHER
WiFi	DISPLAY	OTHER
,	DISPLAY	OTHER
HD	DISPLAY	OTHER
Webcam	OS	OTHER
,	OS	OTHER
Windows	OS	OS
10	OS	OS
-	OS	OS
MaxxAudio	BRAND	BRAND
Dell	BRAND	BRAND
Inspiron	BRAND	BRAND
17.3	HARDDISK	SCREENSIZE
''	HARDDISK	SCREENSIZE
FHD	HARDDISK	DISPLAY
Laptop	HARDDISK	DISPLAY
-LRB-	HARDDISK	OTHER
7th	HARDDISK	OTHER
Generation	HARDDISK	OTHER
i7	HARDDISK	OTHER
,	HARDDISK	RAM
16GB	HARDDISK	HARDDISK
RAM	HARDDISK	HARDDISK
,	HARDDISK	HARDDISK
2	HARDDISK	HARDDISK
TB	HARDDISK	HARDDISK
HDD	HARDDISK	HARDDISK
-RRB-	HARDDISK	OTHER
-LRB-	HARDDISK	OTHER
i5767-6370GRY	HARDDISK	OTHER
-RRB-	BRAND	OTHER
Dell	BRAND	OTHER
Inspiron	BRAND	OTHER
3000	DISPLAY	BRAND
15.6-Inch	DISPLAY	SCREENSIZE
HD	DISPLAY	DISPLAY
Laptop	BRAND	DISPLAY
-LRB-	BRAND	OTHER
Intel	BRAND	OTHER
Core	BRAND	OTHER
i3	BRAND	OTHER
Processor	BRAND	OTHER
2GHz	HARDDISK	OTHER
,	HARDDISK	RAM
6GB	HARDDISK	RAM
RAM	HARDDISK	RAM
,	HARDDISK	RAM
1TB	HARDDISK	HARDDISK
HDD	HARDDISK	HARDDISK
,	HARDDISK	HARDDISK
802.11	HARDDISK	OTHER
ac	HARDDISK	OTHER
+	HARDDISK	OTHER
Bluetooth	OS	OTHER
4.0	OS	OTHER
,	OS	OTHER
Windows	OS	OS
10	OS	OS
-RRB-	BRAND	OTHER
Dell	BRAND	OTHER
Inspiron	BRAND	OTHER
Flagship	BRAND	OTHER
15.6-Inch	BRAND	SCREENSIZE
FHD	BRAND	OTHER
Touchscreen	BRAND	OTHER
Backlit	BRAND	OTHER
Keyboard	BRAND	OTHER
Laptop	BRAND	DISPLAY
PC	BRAND	DISPLAY
-LRB-	BRAND	OTHER
Intel	BRAND	OTHER
Core	BRAND	OTHER
i5-6200U	HARDDISK	OTHER
,	HARDDISK	RAM
8GB	HARDDISK	RAM
RAM	HARDDISK	RAM
,	HARDDISK	RAM
1TB	HARDDISK	HARDDISK
HDD	HARDDISK	HARDDISK
,	HARDDISK	HARDDISK
RealSense	HARDDISK	OTHER
3D	HARDDISK	OTHER
Camera	HARDDISK	OTHER
,	HARDDISK	OTHER
DVD	HARDDISK	OTHER
+	HARDDISK	OTHER
/	HARDDISK	OTHER
-	HARDDISK	OTHER
RW	OS	OTHER
,	OS	OTHER
Bluetooth	OS	OTHER
,	OS	OTHER
Windows	OS	OS
10	OS	OS
-RRB-	OS	OTHER
,	OS	OTHER
Silver	BRAND	OTHER
Dell	BRAND	OTHER
Inspiron	BRAND	BRAND
i5378-2885GRY	SCREENSIZE	BRAND
13.3	SCREENSIZE	SCREENSIZE
''	HARDDISK	SCREENSIZE
FHD	HARDDISK	DISPLAY
2-in-1	HARDDISK	DISPLAY
Laptop	HARDDISK	DISPLAY
-LRB-	BRAND	OTHER
7th	BRAND	OTHER
Generation	BRAND	OTHER
Intel	BRAND	OTHER
Core	BRAND	OTHER
i5	HARDDISK	OTHER
,	HARDDISK	RAM
8GB	HARDDISK	RAM
RAM	HARDDISK	RAM
,	HARDDISK	RAM
1TB	HARDDISK	HARDDISK
HDD	HARDDISK	HARDDISK
-RRB-	HARDDISK	OTHER
Microsoft	BRAND	OTHER
Signature	BRAND	OTHER
Image	BRAND	OTHER
Dell	BRAND	OTHER
Inspiron	BRAND	OTHER
i5555	BRAND	OTHER
Premium	BRAND	OTHER
Laptop	BRAND	OTHER
PC	BRAND	OTHER
-LRB-	HARDDISK	OTHER
2016	HARDDISK	OTHER
Model	HARDDISK	OTHER
-RRB-	DISPLAY	OTHER
,	DISPLAY	OTHER
15.6-inch	DISPLAY	OTHER
HD	DISPLAY	OTHER
LED-backlit	DISPLAY	OTHER
Display	DISPLAY	OTHER
,	DISPLAY	OTHER
AMD	DISPLAY	OTHER
A8-7410	BRAND	OTHER
Quad	BRAND	OTHER
Core	BRAND	OTHER
Processor	BRAND	OTHER
,	HARDDISK	RAM
6GB	HARDDISK	RAM
DDR3L	HARDDISK	RAM
RAM	HARDDISK	RAM
,	HARDDISK	RAM
500GB	HARDDISK	HARDDISK
HDD	HARDDISK	HARDDISK
,	HARDDISK	HARDDISK
DVD	HARDDISK	OTHER
+	HARDDISK	OTHER
/	HARDDISK	OTHER
-	HARDDISK	OTHER
RW	HARDDISK	OTHER
,	HARDDISK	OTHER
Radeon	OS	OTHER
R5	OS	OTHER
Graphics	OS	OTHER
,	OS	OTHER
Windows	OS	OS
10	OS	OS
Dell	OS	OTHER
Inspiron	OS	OTHER
i7359-8404SLV	OS	OTHER
13.3	SCREENSIZE	SCREENSIZE
Inch	BRAND	SCREENSIZE
2-in-1	BRAND	OTHER
Touchscreen	BRAND	OTHER
Laptop	BRAND	DISPLAY
-LRB-	BRAND	OTHER
6th	BRAND	OTHER
Generation	BRAND	OTHER
Intel	BRAND	OTHER
Core	HARDDISK	OTHER
i7	HARDDISK	OTHER
,	HARDDISK	RAM
8	HARDDISK	RAM
GB	HARDDISK	RAM
RAM	HARDDISK	RAM
,	HARDDISK	RAM
256	HARDDISK	HARDDISK
GB	HARDDISK	HARDDISK
SSD	HARDDISK	HARDDISK
-RRB-	HARDDISK	OTHER
Dell	HARDDISK	OTHER
Inspiron	HARDDISK	BRAND
i7559-2512BLK	HARDDISK	BRAND
15.6	SCREENSIZE	SCREENSIZE
Inch	HARDDISK	SCREENSIZE
FHD	HARDDISK	DISPLAY
Laptop	HARDDISK	DISPLAY
-LRB-	BRAND	OTHER
6th	BRAND	OTHER
Generation	BRAND	OTHER
Intel	BRAND	OTHER
Core	HARDDISK	OTHER
i7	HARDDISK	OTHER
,	HARDDISK	RAM
8	HARDDISK	RAM
GB	HARDDISK	RAM
RAM	HARDDISK	RAM
,	HARDDISK	RAM
1	HARDDISK	HARDDISK
TB	HARDDISK	HARDDISK
HDD	HARDDISK	HARDDISK
+	HARDDISK	OTHER
8	HARDDISK	HARDDISK
GB	HARDDISK	HARDDISK
SSD	HARDDISK	OTHER
-RRB-	HARDDISK	OTHER
NVIDIA	HARDDISK	OTHER
GeForce	HARDDISK	OTHER
GTX	HARDDISK	OTHER
960M	BRAND	BRAND
Dell	BRAND	BRAND
Inspiron	BRAND	BRAND
i7559-5012GRY	SCREENSIZE	BRAND
15.6	SCREENSIZE	SCREENSIZE
''	HARDDISK	SCREENSIZE
UHD	HARDDISK	DISPLAY
-LRB-	HARDDISK	OTHER
3840x2160	HARDDISK	OTHER
-RRB-	BRAND	OTHER
4k	BRAND	OTHER
Touchscreen	BRAND	OTHER
Laptop	BRAND	DISPLAY
-LRB-	BRAND	OTHER
Intel	BRAND	OTHER
Quad	BRAND	OTHER
Core	BRAND	OTHER
i7-6700HQ	HARDDISK	OTHER
,	HARDDISK	RAM
8	HARDDISK	RAM
GB	HARDDISK	RAM
RAM	HARDDISK	RAM
,	HARDDISK	RAM
1	HARDDISK	HARDDISK
TB	HARDDISK	HARDDISK
HDD	HARDDISK	HARDDISK
+	HARDDISK	OTHER
8	HARDDISK	HARDDISK
GB	HARDDISK	HARDDISK
SSD	HARDDISK	OTHER
-RRB-	HARDDISK	OTHER
NVIDIA	HARDDISK	OTHER
GeForce	HARDDISK	OTHER
GTX	HARDDISK	OTHER
960M	BRAND	OTHER
,	BRAND	OTHER
Microsoft	BRAND	OTHER
Signature	BRAND	OTHER
Edition	BRAND	OTHER
Dell	BRAND	OTHER
Latitude	BRAND	OTHER
7000	HARDDISK	OTHER
E7450	BRAND	OTHER
UltraBook	BRAND	OTHER
Laptop	BRAND	OTHER
:	SCREENSIZE	BRAND
14	SCREENSIZE	SCREENSIZE
''	DISPLAY	SCREENSIZE
FHD	DISPLAY	DISPLAY
-LRB-	HARDDISK	DISPLAY
1920x1080	HARDDISK	DISPLAY
-RRB-	HARDDISK	OTHER
TouchScreen	BRAND	OTHER
-LRB-	BRAND	OTHER
Corning	BRAND	OTHER
Gorilla	BRAND	OTHER
Glass	BRAND	OTHER
-RRB-	HARDDISK	OTHER
|	HARDDISK	OTHER
Intel	HARDDISK	OTHER
i5-5300U	HARDDISK	OTHER
|	HARDDISK	HARDDISK
256GB	HARDDISK	HARDDISK
SSD	HARDDISK	HARDDISK
|	HARDDISK	HARDDISK
8GB	HARDDISK	RAM
RAM	HARDDISK	RAM
|	HARDDISK	HARDDISK
Back-lit	OS	OTHER
|	OS	OTHER
Bluetooth	OS	OTHER
|	OS	OTHER
Windows	OS	OS
10	OS	OS
Pro	OS	OTHER
|	OS	OTHER
Warranty	OS	OTHER
till	BRAND	OTHER
2019	BRAND	BRAND
Dell	BRAND	BRAND
XPS9360-7336SLV	SCREENSIZE	BRAND
13.3	SCREENSIZE	SCREENSIZE
''	BRAND	SCREENSIZE
Laptop	BRAND	DISPLAY
-LRB-	BRAND	OTHER
7th	BRAND	OTHER
Generation	BRAND	OTHER
Intel	BRAND	OTHER
Core	BRAND	OTHER
i7	HARDDISK	OTHER
,	HARDDISK	RAM
16GB	HARDDISK	RAM
RAM	HARDDISK	RAM
,	HARDDISK	RAM
512	HARDDISK	HARDDISK
GB	HARDDISK	HARDDISK
SSD	HARDDISK	HARDDISK
,	HARDDISK	HARDDISK
Silver	HARDDISK	OS
-RRB-	HARDDISK	OTHER
HP	BRAND	OTHER
14-an013nr	HARDDISK	OTHER
14-Inch	HARDDISK	OTHER
Notebook	HARDDISK	OTHER
-LRB-	HARDDISK	OTHER
AMD	HARDDISK	OTHER
E2-7110	HARDDISK	OTHER
QC	HARDDISK	OTHER
,	HARDDISK	RAM
4GB	HARDDISK	RAM
RAM	HARDDISK	RAM
,	HARDDISK	RAM
32	HARDDISK	HARDDISK
GB	HARDDISK	HARDDISK
eMMC	HARDDISK	HARDDISK
Hard	HARDDISK	HARDDISK
Drive	HARDDISK	HARDDISK
,	OS	HARDDISK
Windows	OS	OS
10	OS	OS
Home	OS	OS
64	OS	OS
-RRB-	OS	OTHER
HP	BRAND	BRAND
15.6	BRAND	SCREENSIZE
Inch	BRAND	SCREENSIZE
Touchscreen	BRAND	DISPLAY
Laptop	BRAND	DISPLAY
Computer	BRAND	DISPLAY
-LRB-	BRAND	DISPLAY
Intel	BRAND	OTHER
Core	BRAND	OTHER
i3-6100U	HARDDISK	OTHER
2.3	HARDDISK	OTHER
GHZ	HARDDISK	OTHER
,	HARDDISK	RAM
8GB	HARDDISK	RAM
RAM	HARDDISK	RAM
,	HARDDISK	RAM
1TB	HARDDISK	HARDDISK
Hard	HARDDISK	HARDDISK
Drive	HARDDISK	HARDDISK
,	HARDDISK	HARDDISK
DVD/CD	HARDDISK	OTHER
Drive	HARDDISK	OTHER
,	OS	OTHER
HD	OS	OTHER
Webcam	OS	OTHER
,	OS	OTHER
Windows	OS	OS
10	OS	OS
Home	OS	OS
-RRB-	BRAND	OTHER
-LRB-	BRAND	OTHER
Certified	BRAND	OTHER
Refurbished	BRAND	OTHER
-RRB-	BRAND	OTHER
HP	BRAND	BRAND
15.6	SCREENSIZE	SCREENSIZE
''	SCREENSIZE	SCREENSIZE
-LRB-	DISPLAY	OTHER
1366x768	SCREENSIZE	OTHER
-RRB-	DISPLAY	OTHER
HD	DISPLAY	OTHER
Notebook	BRAND	OTHER
:	BRAND	OTHER
Intel	BRAND	OTHER
7th	HARDDISK	OTHER
Gen	HARDDISK	OTHER
i7-7500U	HARDDISK	OTHER
|	HARDDISK	RAM
16GB	HARDDISK	RAM
DDR4	HARDDISK	RAM
|	HARDDISK	HARDDISK
1TB	HARDDISK	HARDDISK
HDD	HARDDISK	HARDDISK
|	HARDDISK	OTHER
DVD	HARDDISK	OTHER
|	HARDDISK	OTHER
Wireless	HARDDISK	OTHER
AC	OS	OTHER
|	OS	OTHER
Bluetooth	OS	OTHER
|	OS	OTHER
Windows	OS	OS
10	OS	OS
|	OS	OS
Silver	OS	OS
HP	BRAND	OTHER
15-ba009dx	SCREENSIZE	BRAND
-	SCREENSIZE	BRAND
15.6	SCREENSIZE	SCREENSIZE
''	HARDDISK	SCREENSIZE
Laptop	HARDDISK	OTHER
-	HARDDISK	OTHER
AMD	HARDDISK	OTHER
Quad-Core	HARDDISK	OTHER
A6-7310	HARDDISK	OTHER
APU	HARDDISK	OTHER
-	HARDDISK	OTHER
4GB	HARDDISK	OTHER
Memory	HARDDISK	OTHER
-	HARDDISK	OTHER
500GB	HARDDISK	HARDDISK
Hard	HARDDISK	HARDDISK
Drive	HARDDISK	OTHER
-	HARDDISK	OTHER
Black	HARDDISK	COLOR
HP	BRAND	BRAND
15-F222WM	SCREENSIZE	BRAND
15.6	SCREENSIZE	SCREENSIZE
''	BRAND	SCREENSIZE
Touch	BRAND	OTHER
Screen	BRAND	OTHER
Laptop	BRAND	OTHER
-LRB-	BRAND	OTHER
Intel	BRAND	OTHER
Quad	BRAND	OTHER
Core	BRAND	OTHER
Pentium	BRAND	OTHER
N3540	BRAND	OTHER
Processor	BRAND	OTHER
,	HARDDISK	RAM
4GB	HARDDISK	RAM
Memory	HARDDISK	RAM
,	HARDDISK	RAM
500GB	HARDDISK	HARDDISK
Hard	HARDDISK	HARDDISK
Drive	HARDDISK	HARDDISK
,	OS	HARDDISK
Windows	OS	OS
10	OS	OS
-RRB-	OS	OTHER
HP	BRAND	OTHER
ENVY	BRAND	OTHER
13-ab016nr	BRAND	OTHER
Notebook	BRAND	OTHER
-LRB-	BRAND	OTHER
Intel	BRAND	OTHER
Core	BRAND	OTHER
i5-7200U	HARDDISK	OTHER
,	HARDDISK	RAM
8GB	HARDDISK	RAM
RAM	HARDDISK	RAM
,	HARDDISK	RAM
256GB	HARDDISK	HARDDISK
SSD	HARDDISK	HARDDISK
-RRB-	HARDDISK	OTHER
with	OS	OTHER
Windows	OS	OS
10	OS	OS
HP	BRAND	OTHER
High	BRAND	OTHER
Performance	BRAND	OTHER
15.6	BRAND	SCREENSIZE
Inch	BRAND	SCREENSIZE
Business	BRAND	DISPLAY
Laptop	BRAND	DISPLAY
-LRB-	BRAND	OTHER
Quad	BRAND	OTHER
Core	BRAND	OTHER
AMD	HARDDISK	OTHER
A6-7310	HARDDISK	OTHER
2.0	HARDDISK	OTHER
GHz	HARDDISK	OTHER
8GB	HARDDISK	RAM
RAM	HARDDISK	RAM
128GB	HARDDISK	HARDDISK
SSDDVD	HARDDISK	OTHER
HDMI	HARDDISK	OTHER
Webcam	HARDDISK	OTHER
802.11	OS	OTHER
ac	OS	OTHER
Window	OS	OS
10	OS	OS
-RRB-	BRAND	OTHER
HP	BRAND	BRAND
Notebook	BRAND	BRAND
15.6	SCREENSIZE	SCREENSIZE
''	BRAND	SCREENSIZE
Touchscreen	BRAND	DISPLAY
Premium	BRAND	DISPLAY
Laptop	BRAND	DISPLAY
PC	BRAND	DISPLAY
-LRB-	HARDDISK	OTHER
2017	HARDDISK	OTHER
Version	HARDDISK	OTHER
-RRB-	HARDDISK	OTHER
,	HARDDISK	OTHER
7th	BRAND	OTHER
Gen	BRAND	OTHER
Intel	BRAND	OTHER
Core	BRAND	OTHER
i3-7100U	HARDDISK	OTHER
2.4	HARDDISK	OTHER
GHz	HARDDISK	OTHER
Processor	HARDDISK	OTHER
,	HARDDISK	RAM
8GB	HARDDISK	RAM
DDR4	HARDDISK	RAM
RAM	HARDDISK	RAM
,	HARDDISK	RAM
1TB	HARDDISK	HARDDISK
HDD	HARDDISK	HARDDISK
,	HARDDISK	HARDDISK
SuperMulti	HARDDISK	OTHER
DVD	HARDDISK	OTHER
Burner	HARDDISK	OTHER
,	OS	OTHER
Bluetooth	OS	OTHER
,	OS	OTHER
Windows	OS	OS
10	OS	OS
HP	OS	OTHER
Notebook	OS	OTHER
15-ay011nr	OS	OTHER
15.6-Inch	OS	SCREENSIZE
Laptop	BRAND	DISPLAY
-LRB-	HARDDISK	OTHER
6th	BRAND	OTHER
Gen	BRAND	OTHER
Intel	BRAND	OTHER
Core	BRAND	OTHER
i5-6200U	BRAND	OTHER
Processor	BRAND	OTHER
,	HARDDISK	RAM
8GB	HARDDISK	RAM
DDR3L	HARDDISK	RAM
SDRAM	HARDDISK	RAM
,	HARDDISK	RAM
1TB	HARDDISK	HARDDISK
HDD	HARDDISK	HARDDISK
,	OS	HARDDISK
Windows	OS	OS
10	OS	OS
-RRB-	OS	OTHER
,	OS	OTHER
Silver	OS	OTHER
HP	BRAND	OTHER
Pavilion	BRAND	OTHER
15	HARDDISK	OTHER
15.6-Inch	HARDDISK	SCREENSIZE
Laptop	HARDDISK	DISPLAY
-LRB-	HARDDISK	OTHER
AMD	HARDDISK	OTHER
Quad-Core	HARDDISK	OTHER
A6-5200	HARDDISK	OTHER
,	HARDDISK	RAM
4GB	HARDDISK	RAM
RAM	HARDDISK	RAM
,	HARDDISK	RAM
500GB	HARDDISK	HARDDISK
HDD	HARDDISK	HARDDISK
,	HARDDISK	HARDDISK
DVD	HARDDISK	OTHER
+	HARDDISK	OTHER
/	HARDDISK	OTHER
-	HARDDISK	OTHER
RW	HARDDISK	OTHER
,	HARDDISK	OTHER
Webcam	HARDDISK	OTHER
,	HARDDISK	OTHER
Wifi	OS	OTHER
,	OS	OTHER
HDMI	OS	OTHER
,	OS	OTHER
Windows	OS	OS
10	OS	OS
-RRB-	OS	OTHER
,	OS	OTHER
Black	OS	COLOR
HP	BRAND	OTHER
Spectre	BRAND	OTHER
X2	COLOR	OTHER
12-a008nr	BRAND	OTHER
-LRB-	BRAND	OTHER
Intel	BRAND	OTHER
Core	BRAND	OTHER
M3	HARDDISK	OTHER
,	HARDDISK	RAM
4GB	HARDDISK	RAM
RAM	HARDDISK	RAM
,	HARDDISK	RAM
128GB	HARDDISK	HARDDISK
SSD	HARDDISK	HARDDISK
,	HARDDISK	HARDDISK
Touch	HARDDISK	OTHER
Screen	HARDDISK	OTHER
-RRB-	OS	OTHER
with	OS	OTHER
Windows	OS	OS
10	OS	OS
HP	BRAND	OTHER
Stream	BRAND	OTHER
Laptop	BRAND	OTHER
PC	BRAND	OTHER
14-ax010nr	BRAND	OTHER
-LRB-	BRAND	OTHER
Intel	BRAND	OTHER
Celeron	BRAND	OTHER
N3060	HARDDISK	OTHER
,	HARDDISK	RAM
4	HARDDISK	RAM
GB	HARDDISK	RAM
RAM	HARDDISK	RAM
,	HARDDISK	RAM
32	HARDDISK	HARDDISK
GB	HARDDISK	HARDDISK
eMMC	HARDDISK	OTHER
-RRB-	HARDDISK	OTHER
with	HARDDISK	OTHER
Office	HARDDISK	OTHER
365	HARDDISK	OTHER
Personal	HARDDISK	OTHER
for	BRAND	OTHER
one	BRAND	OTHER
year	BRAND	OTHER
Lenovo	BRAND	BRAND
14	SCREENSIZE	SCREENSIZE
''	HARDDISK	SCREENSIZE
IdeaPad	HARDDISK	OTHER
N42-20	HARDDISK	OTHER
Chromebook	HARDDISK	OTHER
,	HARDDISK	OTHER
Intel	HARDDISK	OTHER
N3060	HARDDISK	OTHER
Dual-Core	HARDDISK	OTHER
,	HARDDISK	RAM
16GB	HARDDISK	HARDDISK
eMMC	HARDDISK	HARDDISK
SSD	HARDDISK	HARDDISK
,	HARDDISK	HARDDISK
4GB	HARDDISK	RAM
DDR3	HARDDISK	RAM
,	HARDDISK	OTHER
802.11	HARDDISK	OTHER
ac	HARDDISK	OTHER
,	HARDDISK	OTHER
Bluetooth	HARDDISK	OTHER
,	BRAND	OTHER
ChromeOS	BRAND	OTHER
Lenovo	BRAND	OTHER
80SF0001US	SCREENSIZE	BRAND
11.6	SCREENSIZE	SCREENSIZE
''	DISPLAY	SCREENSIZE
HD	DISPLAY	OTHER
N22	BRAND	OTHER
Chromebook	BRAND	OTHER
Intel	BRAND	OTHER
N3050	DISPLAY	OTHER
2.16	HARDDISK	OTHER
GHz	HARDDISK	OTHER
4GB	HARDDISK	RAM
RAM	HARDDISK	RAM
16GB	HARDDISK	HARDDISK
SSD	HARDDISK	HARDDISK
Drive	HARDDISK	HARDDISK
Bluetooth	HARDDISK	OTHER
4.1	HARDDISK	OTHER
HDMI	HARDDISK	OTHER
WiFi	BRAND	OTHER
Chrome	BRAND	OTHER
Lenovo	BRAND	OTHER
IdeaPad	SCREENSIZE	OTHER
15.6	SCREENSIZE	SCREENSIZE
Inch	DISPLAY	SCREENSIZE
HD	DISPLAY	DISPLAY
Laptop	BRAND	DISPLAY
-LRB-	BRAND	OTHER
Intel	BRAND	OTHER
Dual-Core	BRAND	OTHER
Celeron	BRAND	OTHER
N3060	HARDDISK	OTHER
1.6	HARDDISK	OTHER
GHz	HARDDISK	OTHER
Processor	HARDDISK	OTHER
,	HARDDISK	RAM
4GB	HARDDISK	RAM
RAM	HARDDISK	RAM
,	HARDDISK	RAM
500GB	HARDDISK	HARDDISK
HDD	HARDDISK	HARDDISK
,	HARDDISK	HARDDISK
DVD	HARDDISK	OTHER
RW	HARDDISK	OTHER
,	HARDDISK	OTHER
Bluetooth	HARDDISK	OTHER
,	HARDDISK	OTHER
Webcam	HARDDISK	OTHER
,	HARDDISK	OTHER
WiFi	OS	OTHER
,	OS	OTHER
HDMI	OS	OTHER
,	OS	OTHER
Windows	OS	OS
10	OS	OS
-RRB-	OS	OTHER
Black	OS	OTHER
Lenovo	OS	OTHER
IdeaPad110	OS	BRAND
15.6-Inch	DISPLAY	SCREENSIZE
HD	DISPLAY	DISPLAY
Laptop	BRAND	DISPLAY
-LRB-	BRAND	OTHER
Intel	BRAND	OTHER
Celeron	BRAND	OTHER
N3060	HARDDISK	OTHER
Dual-Core	HARDDISK	OTHER
Processor	HARDDISK	OTHER
,	HARDDISK	RAM
4GB	HARDDISK	RAM
RAM	HARDDISK	RAM
,	HARDDISK	RAM
500GB	HARDDISK	HARDDISK
HDD	HARDDISK	HARDDISK
,	OS	HARDDISK
Windows	OS	OS
10	OS	OS
-RRB-	OS	OTHER
,	OS	OTHER
Black	OS	OTHER
Lenovo	BRAND	OTHER
N22	BRAND	OTHER
11.6-inch	BRAND	OTHER
High	BRAND	OTHER
Performance	BRAND	OTHER
Laptop	BRAND	OTHER
Notebook	BRAND	OTHER
-LRB-	HARDDISK	OTHER
2016	BRAND	OTHER
New	BRAND	OTHER
Premium	BRAND	OTHER
Edition	BRAND	OTHER
-RRB-	BRAND	OTHER
,	BRAND	OTHER
Intel	BRAND	OTHER
Dual-Core	BRAND	OTHER
Processor	BRAND	OTHER
1.60	HARDDISK	OTHER
GHz	HARDDISK	OTHER
,	HARDDISK	RAM
4GB	HARDDISK	RAM
RAM	HARDDISK	RAM
,	HARDDISK	RAM
64GB	HARDDISK	HARDDISK
SSD	HARDDISK	HARDDISK
,	HARDDISK	OTHER
Rotatable	HARDDISK	OTHER
Webcam	HARDDISK	OTHER
,	OS	OTHER
Water-Resistant	OS	OTHER
Keyboard	OS	OTHER
,	OS	OTHER
Windows	OS	OS
10	OS	OS
Pro	OS	OTHER
Lenovo	OS	OTHER
ThinkPad	OS	OTHER
13	OS	OTHER
Chromebook	OS	OTHER
-	OS	OTHER
Celeron	OS	OTHER
3855U	HARDDISK	OTHER
,	HARDDISK	RAM
4GB	HARDDISK	RAM
RAM	HARDDISK	RAM
,	HARDDISK	RAM
16GB	HARDDISK	HARDDISK
eMMC	HARDDISK	HARDDISK
,	BRAND	HARDDISK
Chrome	BRAND	OS
Lenovo	BRAND	OTHER
ThinkPad	BRAND	OTHER
E560	BRAND	OTHER
Laptop	BRAND	OTHER
,	BRAND	OTHER
Intel	BRAND	OTHER
Core	BRAND	OTHER
i5-6200U	HARDDISK	OTHER
2.3	HARDDISK	OTHER
GHz	HARDDISK	OTHER
,	HARDDISK	OTHER
500GB	HARDDISK	HARDDISK
SATA	HARDDISK	OTHER
,	HARDDISK	RAM
4GB	HARDDISK	RAM
DDR3	HARDDISK	RAM
,	HARDDISK	OTHER
802.11	HARDDISK	OTHER
ac	HARDDISK	OTHER
,	HARDDISK	OTHER
Bluetooth	HARDDISK	OTHER
,	HARDDISK	OTHER
Win7Pro	COLOR	OTHER
,	COLOR	OTHER
Black	COLOR	OTHER
,	SCREENSIZE	OTHER
15.6	SCREENSIZE	SCREENSIZE
''	BRAND	SCREENSIZE
Lenovo	BRAND	BRAND
ThinkPad	HARDDISK	BRAND
T450	SCREENSIZE	BRAND
14	SCREENSIZE	SCREENSIZE
''	BRAND	SCREENSIZE
LED	BRAND	OTHER
Business	BRAND	OTHER
Ultrabook	BRAND	OTHER
:	BRAND	OTHER
Intel	BRAND	OTHER
Core	BRAND	OTHER
i5-5300U	HARDDISK	OTHER
|	HARDDISK	RAM
8GB	HARDDISK	RAM
|	HARDDISK	HARDDISK
500GB	HARDDISK	HARDDISK
7200rpm	HARDDISK	HARDDISK
|	HARDDISK	BRAND
14	SCREENSIZE	SCREENSIZE
''	HARDDISK	SCREENSIZE
-LRB-	OS	OTHER
1366x768	OS	OTHER
-RRB-	OS	OTHER
|	OS	OTHER
Windows	OS	OTHER
7	OS	OTHER
Professional	OS	OTHER
Upgradable	OS	OTHER
to	OS	OTHER
Win	OS	OS
10	OS	OS
Pro	OS	OTHER
|	OS	OTHER
Bluetooth	OS	OTHER
|	BRAND	OTHER
FingerPrint	BRAND	OTHER
Reader	BRAND	OTHER
Lenovo	BRAND	OTHER
Thinkpad	BRAND	OTHER
Yoga	BRAND	OTHER
11E	HARDDISK	OTHER
-LRB-	HARDDISK	OTHER
3rd	HARDDISK	OTHER
Generation	HARDDISK	OTHER
-RRB-	SCREENSIZE	OTHER
11.6	SCREENSIZE	SCREENSIZE
''	BRAND	SCREENSIZE
Touchscreen	BRAND	OTHER
Convertible	BRAND	OTHER
Ultrabook	BRAND	OTHER
,	BRAND	OTHER
Intel	BRAND	OTHER
N3150	HARDDISK	OTHER
Quad-Core	HARDDISK	OTHER
,	HARDDISK	OTHER
128GB	HARDDISK	OTHER
Solid	HARDDISK	OTHER
State	HARDDISK	OTHER
Drive	HARDDISK	OTHER
,	HARDDISK	RAM
4GB	HARDDISK	RAM
DDR3	HARDDISK	RAM
,	HARDDISK	OTHER
802.11	HARDDISK	OTHER
ac	HARDDISK	OTHER
,	HARDDISK	OTHER
Bluetooth	HARDDISK	OTHER
,	BRAND	OTHER
Win10H	BRAND	OTHER
Lenovo	BRAND	OTHER
Thinkpad	BRAND	OTHER
Yoga	BRAND	OTHER
11E-G3	BRAND	OTHER
Convertible	BRAND	OTHER
,	BRAND	OTHER
Intel	BRAND	OTHER
:	HARDDISK	OTHER
N3160/CQC	HARDDISK	OTHER
,	HARDDISK	OTHER
1.6	HARDDISK	OTHER
GHz	HARDDISK	OTHER
,	HARDDISK	RAM
128	HARDDISK	HARDDISK
GB	HARDDISK	HARDDISK
,	OS	HARDDISK
Intel-HD/IGP	OS	HARDDISK
,	OS	HARDDISK
Windows	OS	OS
10	OS	OS
Home	OS	OS
Edition-64	OS	OTHER
bit	OS	OTHER
,	OS	OTHER
Black	COLOR	OTHER
,	SCREENSIZE	OTHER
11.6	SCREENSIZE	SCREENSIZE
''	BRAND	SCREENSIZE
HD	BRAND	OTHER
Touch	BRAND	OTHER
Lenovo	BRAND	OTHER
Yoga	BRAND	OTHER
710	DISPLAY	OTHER
80V4000GUS	BRAND	OTHER
2-in-1	HARDDISK	OTHER
14-Inch	HARDDISK	SCREENSIZE
Touch-Screen	HARDDISK	DISPLAY
Laptop	BRAND	DISPLAY
-LRB-	BRAND	OTHER
Intel	BRAND	OTHER
Core	BRAND	OTHER
i5-7200U	HARDDISK	OTHER
,	HARDDISK	RAM
8GB	HARDDISK	RAM
Memory	HARDDISK	RAM
,	HARDDISK	HARDDISK
256GB	HARDDISK	HARDDISK
SSD	HARDDISK	HARDDISK
,	HARDDISK	HARDDISK
Windows	OS	OS
10	OS	OS
Home	OS	OTHER
64	OS	OTHER
-RRB-	OS	OTHER
,	BRAND	OTHER
Silver	BRAND	OTHER
Microsoft	BRAND	OTHER
Surface	BRAND	OTHER
Book	HARDDISK	OTHER
-LRB-	HARDDISK	OTHER
512	HARDDISK	OTHER
GB	HARDDISK	RAM
,	HARDDISK	RAM
16	HARDDISK	HARDDISK
GB	HARDDISK	HARDDISK
RAM	HARDDISK	OTHER
,	HARDDISK	OTHER
Intel	HARDDISK	OTHER
Core	HARDDISK	OTHER
i7	HARDDISK	OTHER
,	HARDDISK	OTHER
NVIDIA	HARDDISK	OTHER
GeForce	HARDDISK	OTHER
graphics	BRAND	OTHER
-RRB-	BRAND	OTHER
Microsoft	BRAND	OTHER
Surface	BRAND	OTHER
Book	BRAND	OTHER
-LRB-	BRAND	OTHER
Intel	BRAND	OTHER
Core	BRAND	OTHER
i7	HARDDISK	OTHER
,	HARDDISK	RAM
16GB	HARDDISK	RAM
RAM	HARDDISK	RAM
,	HARDDISK	RAM
512GB	HARDDISK	HARDDISK
-RRB-	HARDDISK	OTHER
with	BRAND	OTHER
Performance	BRAND	OTHER
Base	BRAND	OTHER
Microsoft	BRAND	OTHER
Surface	BRAND	OTHER
Pro	RAM	OTHER
4	RAM	OTHER
SU3-00001	HARDDISK	OTHER
12.3-Inch	HARDDISK	SCREENSIZE
Laptop	HARDDISK	DISPLAY
-LRB-	HARDDISK	OTHER
2.2	HARDDISK	OTHER
GHz	HARDDISK	OTHER
Core	HARDDISK	OTHER
M	HARDDISK	OTHER
Family	HARDDISK	OTHER
,	HARDDISK	RAM
4GB	HARDDISK	RAM
RAM	HARDDISK	RAM
,	HARDDISK	RAM
128	HARDDISK	HARDDISK
GB	HARDDISK	HARDDISK
flash_memory_solid_state	OS	HARDDISK
,	OS	HARDDISK
Windows	OS	OS
10	OS	OS
Pro	OS	OTHER
-RRB-	OS	OTHER
,	OS	OTHER
Silver	BRAND	OTHER
New	BRAND	OTHER
Apple	BRAND	BRAND
MacBook	BRAND	BRAND
Pro	HARDDISK	HARDDISK
MF840LL/A	BRAND	OTHER
13.3-Inch	BRAND	SCREENSIZE
Laptop	BRAND	DISPLAY
with	BRAND	DISPLAY
Retina	BRAND	DISPLAY
Display	BRAND	DISPLAY
-LRB-	HARDDISK	DISPLAY
2.7	HARDDISK	OTHER
GHz	HARDDISK	OTHER
Core	HARDDISK	OTHER
i5	HARDDISK	OTHER
Processor	HARDDISK	OTHER
,	HARDDISK	RAM
8GB	HARDDISK	RAM
RAM	HARDDISK	RAM
,	HARDDISK	RAM
256GB	HARDDISK	HARDDISK
SSD	HARDDISK	HARDDISK
,	HARDDISK	HARDDISK
OS	HARDDISK	OTHER
X	HARDDISK	OTHER
El	HARDDISK	OTHER
Capitan	BRAND	OTHER
-RRB-	BRAND	OTHER
Razer	BRAND	OTHER
Blade	BRAND	OTHER
Stealth	BRAND	OTHER
12.5	HARDDISK	SCREENSIZE
''	HARDDISK	SCREENSIZE
QHD	HARDDISK	DISPLAY
Touchscreen	HARDDISK	DISPLAY
Ultrabook	HARDDISK	DISPLAY
-LRB-	BRAND	OTHER
7th	BRAND	OTHER
Generation	BRAND	OTHER
Intel	BRAND	OTHER
Core	BRAND	OTHER
i7	HARDDISK	OTHER
,	HARDDISK	RAM
16GB	HARDDISK	RAM
RAM	HARDDISK	RAM
,	HARDDISK	RAM
512GB	HARDDISK	HARDDISK
SSD	HARDDISK	HARDDISK
,	OS	HARDDISK
Windows	OS	OS
10	OS	OS
-RRB-	OS	OTHER
Samsung	OS	OTHER
Chromebook	OS	OTHER
3	HARDDISK	OTHER
XE500C13-K01US	HARDDISK	OTHER
2	HARDDISK	RAM
GB	HARDDISK	RAM
RAM	HARDDISK	RAM
16GB	HARDDISK	HARDDISK
SSD	HARDDISK	HARDDISK
11.6	HARDDISK	SCREENSIZE
''	HARDDISK	SCREENSIZE
Laptop	HARDDISK	DISPLAY
-LRB-	BRAND	OTHER
Certified	BRAND	OTHER
Refurbished	BRAND	OTHER
-RRB-	BRAND	OTHER
Samsung	BRAND	OTHER
Chromebook	BRAND	OTHER
3	HARDDISK	OTHER
XE500C13-K02US	HARDDISK	OTHER
4	HARDDISK	RAM
GB	HARDDISK	RAM
RAM	HARDDISK	RAM
16GB	HARDDISK	HARDDISK
SSD	HARDDISK	HARDDISK
11.6	HARDDISK	SCREENSIZE
''	HARDDISK	SCREENSIZE
Laptop	HARDDISK	DISPLAY
-LRB-	HARDDISK	OTHER
Black	COLOR	OTHER
-RRB-	BRAND	OTHER
The	BRAND	OTHER
Razer	BRAND	OTHER
Blade	COLOR	OTHER
-LRB-	HARDDISK	OTHER
GeForce	HARDDISK	OTHER
GTX	HARDDISK	OTHER
1060	HARDDISK	OTHER
-RRB-	SCREENSIZE	OTHER
14	SCREENSIZE	SCREENSIZE
''	DISPLAY	SCREENSIZE
HD	DISPLAY	DISPLAY
Gaming	BRAND	DISPLAY
Laptop	BRAND	DISPLAY
-LRB-	DISPLAY	OTHER
7th	HARDDISK	OTHER
Gen	HARDDISK	OTHER
Intel	HARDDISK	OTHER
Core	HARDDISK	OTHER
i7	HARDDISK	OTHER
,	HARDDISK	RAM
16GB	HARDDISK	RAM
RAM	HARDDISK	RAM
,	HARDDISK	RAM
512GB	HARDDISK	HARDDISK
SSD	HARDDISK	HARDDISK
-RRB-	HARDDISK	OTHER
-	HARDDISK	OTHER
VR	HARDDISK	OTHER
Ready	HARDDISK	OTHER
	HARDDISK	OTHER

